brand_name,model_name,os_name,os_vendor
SAMSUNG,GALAXY J1 ACE (SM-J111F),Android,Google
LG,W1500,LG OS,LG
SAMSUNG,METRO SM-B350ED,Samsung OS,Samsung
HIMAX,"H20, H21, H111, H222",Android,Google
SAMSUNG,GALAXY ACE NXT (SM-G313HU),Android,Google
SAMSUNG,GURU MUSIC II (SM-B310E),Samsung OS,Samsung
NOKIA,3 DS (TA-1032),Android,Google
SYMPHONY,"B9, FT34, B11I, H50",Proprietary OS,Proprietary OS
MICROMAX,X088,Proprietary OS,Proprietary OS
NOKIA,3310 DS (TA-1030),Proprietary OS,Proprietary OS
ITEL,IT5020,Proprietary OS,Proprietary OS
HUAWEI,Y5 (2017),Android,Google
SAMSUNG,GALAXY J1 (SM-J110HDD),Android,Google
XIAOMI,REDMI NOTE 5 (MEE7S),Android,Google
MAXIMUS,M80,Proprietary OS,Proprietary OS
SAMSUNG,GALAXY A7 2016 (SM-A710FD DS),Android,Google
NOKIA,3310 DS (TA-1030),Proprietary OS,Proprietary OS
HUAWEI,Y6 II DUAL SIM (CAM-L21),Android,Google
SAMSUNG,GALAXY J2 DUOS (SM-J200G DD),Android,Google
APPLE,IPHONE 4 (A1332),iOS,Apple
SAMSUNG,GURU MUSIC II (SM-B310E),Samsung OS,Samsung
SAMSUNG,GALAXY J5 PRIME DUOS (SM-G570F DS),Android,Google
AAMRA,WE B2,Android,Google
SAMSUNG,GALAXY C7 (SM-C7000),Android,Google
SAMSUNG,GALAXY J5 PRIME DUOS (SM-G570Y DS),Android,Google
SAMSUNG,GALAXY GRAND PRIME VE DUOS LTE (SM-G531H DD),Android,Google
SAMSUNG,GALAXY J7 (SM-J701F DS),Android,Google
SAMSUNG,GALAXY A7 LTE-A (SM-A700FD),Android,Google
SAMSUNG,GALAXY J2 2016 (SM-J210F),Android,Google
SAMSUNG,GURU MUSIC II (SM-B310E),Samsung OS,Samsung
XIAOMI,REDMI NOTE 4 (2016102),Android,Google
SAMSUNG,GALAXY S DUOS II (GT-S7582),Android,Google
SAMSUNG,GALAXY ON7 DUOS TD-LTE (SM-G610F),Android,Google
SYMPHONY,I10,Android,Google
HUAWEI,P20 LITE (ANE-LX2),Android,Google
OPPO,A37 (A37FW),Android,Google
WINMAX,"WX82 WX83,WX90,WX91",Android,Google
LAVA,DISCOVER NEO,SPREADTRUM OS,SPREADTRUM
SAMSUNG,GURU MUSIC II (SM-B310E),Samsung OS,Samsung
HUAWEI,Y6II (CAM-L21),Android,Google
LAVA,IRIS 870,Android,Google
SAMSUNG,GALAXY J2 DUOS (SM-J200H),Android,Google
DARAGO,"301,I6,V1,V60,108",Proprietary OS,Proprietary OS
SAMSUNG,GALAXY J7 DUOS LTE (SM-J710FN),Android,Google
NOKIA,216 DUAL SIM (RM-1187),Nokia OS,Symbian
SYMPHONY,P6 PRO,Android,Google
SYMPHONY,E58,Android,Google
WESTERN,"D2, D3, D4, D5",Proprietary OS,Proprietary OS
HUAWEI,Y5 (2017),Android,Google
SAMSUNG,GALAXY J7 DUOS (SM-J700H DD),Android,Google
NOKIA,215 DUAL SIM,Symbian OS,Symbian
HUAWEI,GT3 (NMO-L31),Android,Google
OPPO,CPH1609,Android,Google
SB TEL,"BL60, D54I",Proprietary OS,Proprietary OS
APPLE,IPHONE 7 (A1778),iOS,Apple
NOKIA,216 DUAL SIM (RM-1187),Nokia OS,Symbian
SAMSUNG,GALAXY J7 PRIME (SM-G610F DS),Android,Google
SAMSUNG,GALAXY J1 MINI (SM-J105B DS),Android,Google
NOKIA,105 DUAL SIM (RM-1133),Symbian OS,Symbian
SYMPHONY,"T7 PRO, D24, W75, W94",Android,Google
NOKIA,105 (RM-1134),Symbian OS,Symbian
SAMSUNG,GURU MUSIC II (SM-B310E),Samsung OS,Samsung
OPPO,A57,Android,Google
HUAWEI,Y3 (CRO-U00),Android,Google
SYMPHONY,V110,Android,Google
NOKIA,6270,ISA,NOKIA
SB TEL,"BL60, D54I",Proprietary OS,Proprietary OS
SYMPHONY,"W15I, W31, D32I",Android,Google
SAMSUNG,GALAXY J7 DUOS (SM-J700H DD),Android,Google
SAMSUNG,GALAXY J2 2016 (SM-J210F),Android,Google
OPPO,CPH1803,Android,Google
SONYERICSSON,XPERIA T,Android,Google
SAMSUNG,GALAXY J2 (SM-J200H),Android,Google
SAMSUNG,GALAXY ON7 PRO (SM-G615F DS),Android,Google
WALTON DIGI-TECH,PRIMO E8I,Android,Google
NOKIA,216 DUAL SIM (RM-1187),Nokia OS,Symbian
HUAWEI,HONOR 7X (BND-L21),Android,Google
NOKIA,225 DUAL SIM (RM-1011),Series40,Symbian
SYMPHONY,V120,Android,Google
SAMSUNG,METRO (SM-B313ED),Samsung OS,Samsung
SAMSUNG,GURU MUSIC II (SM-B310E),Samsung OS,Samsung
SYMPHONY,P6,Android,Google
SAMSUNG,GALAXY J7 DUOS (SM-J700H DD),Android,Google
SAMSUNG,GALAXY J2 (SM-J200H),Android,Google
SYMPHONY,"B16, T49, ZV, BL55, T8PRO",Android,Google
NOKIA,1100,Symbian OS,Symbian
SYMPHONY,"B11, L30, D31",Proprietary OS,Proprietary OS
SAMSUNG,GALAXY CORE PRIME (SM-G360H),Android,Google
NOKIA,215 DUAL SIM,Symbian OS,Symbian
SAMSUNG,GALAXY J5 2016 (SM-J510F DS),Android,Google
SAMSUNG,GURU MUSIC II (SM-B310E),Samsung OS,Samsung
SAMSUNG,GURU MUSIC II (SM-B310E),Samsung OS,Samsung
SAMSUNG,GURU MUSIC II (SM-B310E),Samsung OS,Samsung
SAMSUNG,"GALAXY S DUOS (GT-S7562,GT-S7566)",Android,Google
MOTOROLA,MOTO E (4TH GEN),Android,Google
XIAOMI,MI A2 LITE (M1805D1SG),Android,Google
HUAWEI,Y3II (LUA-U22),Android,Google
SYMPHONY,R20,Android,Google
SAMSUNG,GALAXY J7 PRIME2 (SM-G611F DS),Android,Google
SYMPHONY,"T80, S200, W14, M44",Proprietary OS,Proprietary OS
SYMPHONY,V75,Android,Google
SAMSUNG,GURU MUSIC II (SM-B310E),Samsung OS,Samsung
HUAWEI,P10 LITE (WAS-LX1A),Android,Google
NOKIA,105 DS (TA-1034),Symbian OS,Symbian
SAMSUNG,GALAXY S9 PLUS (SM-G965F DS),Android,Google
HUAWEI,Y3 (CRO-U00),Android,Google
NOKIA,108 DUAL SIM (RM-944),Series30,Symbian
SAMSUNG,GURU MUSIC II (SM-B310E),Samsung OS,Samsung
SAMSUNG,GALAXY GRAND (GT-I9060I DS),Android,Google
NOKIA,2610,Symbian OS,Symbian
LAVA,IRIS X9,Android,Google
NOKIA,"1280, 1282",Symbian OS,Symbian
HUAWEI,NOVA 2I (RNE-L22),Android,Google
NOKIA,130 DS (TA-1017),Proprietary OS,Proprietary OS
SB TEL,"BL60, D54I",Proprietary OS,Proprietary OS
HUAWEI,Y3 (CRO-U00),Android,Google
SAMSUNG,GALAXY J2 2016 (SM-J210F),Android,Google
HUAWEI,ENJOY 5 DUAL SIM TD-LTE (TIT-AL00),Android,Google
SAMSUNG,GALAXY J7 DUOS LTE (SM-J710FN DD),Android,Google
SYMPHONY,"T100, L22, B14",Proprietary OS,Proprietary OS
FIVE STAR,"A101,A102,A103,A104,A105",Proprietary OS,Proprietary OS
SAMSUNG,SGH-B110E,Samsung OS,Samsung
SAMSUNG,GALAXY J5 DUOS (SM-J500H DS),Android,Google
WALTON,"PRIMO G5, HM, E4, F5, H4",Android,Google
SAMSUNG,GALAXY J1 (SM-J110HDS),Android,Google
SB TEL,"BL60, D54I",Proprietary OS,Proprietary OS
SAMSUNG,GALAXY A7 2016 (SM-A710FD DS),Android,Google
SAMSUNG,GALAXY GRAND PRIME DUOS (SM-G532F DS),Android,Google
LAVA,IRIS 820,Android,Google
SAMSUNG,GALAXY A7 2016 (SM-A710FD DS),Android,Google
HUAWEI,Y336,Android,Google
LAVA,IRIS 50,Android,Google
SYMPHONY,"E10, E60, ZVI",Android,Google
LG,K10 (K430DSY),Android,Google
NOKIA,3310 DS (TA-1030),Proprietary OS,Proprietary OS
SONYERICSSON,XPERIA Z5 COMPACT TD-LTE (E5823),Android,Google
SAMSUNG,GALAXY J7 DUOS (SM-J700H DD),Android,Google
APPLE,IPHONE 6S PLUS (A1687),iOS,Apple
NOKIA,1208,Symbian OS,Symbian
AAMRA,WE T1,Android,Google
LG,G3 DUAL SIM TD-LTE (D858HK),Android,Google
SYMPHONY,V110,Android,Google
OPPO,F3 PLUS (CPH1613),Android,Google
RAJON,"FIVESTAR B-56, B-66, B-76, B-86, B-96",BADA,Samsung
XIAOMI,REDMI 5A (MCG3B),Android,Google
SAMSUNG,GALAXY GRAND PRIME (SM-G530H DV),Android,Google
NOKIA,2690,Symbian OS,Symbian
SAMSUNG,METRO SM-B350ED,Samsung OS,Samsung
NOKIA,"ASHA 300, 3000 GRAPHITE",Series40,Symbian
SAMSUNG,GALAXY FAME (GT-S6810P),Android,Google
XIAOMI,REDMI NOTE 2,Android,Google
JIN HUI MA,V11,Android,Google
SAMSUNG,GALAXY J7 DUOS (SM-J700H DD),Android,Google
SAMSUNG,GALAXY CORE PRIME (SM-G360H),Android,Google
G-PHONE,"GP14,GP15,GP16,T66,T77",Proprietary OS,Proprietary OS
SAMSUNG,GALAXY A5 DUOS (SM-A500H DS),Android,Google
SYMPHONY,H120,Android,Google
SYMPHONY,V110,Android,Google
SYMPHONY,"D27, W19, L25",Proprietary OS,Proprietary OS
HUAWEI,Y5II (CUN-L03),Android,Google
OPPO,F1s (A1601),Android,Google
SAMSUNG,METRO (SM-B313ED),Samsung OS,Samsung
SAMSUNG,GURU MUSIC II (SM-B310E),Samsung OS,Samsung
XIAOMI,REDMI NOTE 4 (2016102),Android,Google
SAMSUNG,Z1 DUOS (SM-Z130H DS),Tizen,Samsung
SAMSUNG,GALAXY CORE PRIME (SM-G360H),Android,Google
HUAWEI,Y541,Android,Google
HUAWEI,Y5 (2017),Android,Google
OPPO,A57,Android,Google
WALTON,"OLVIO ML4, L16, ML5, MM11, MM12",Proprietary OS,Proprietary OS
STIL,"SGC-01,SGC-02,SGC-0A,SGC-0B,SGC-0C",Proprietary OS,Proprietary OS
WALTON,PRIMO RM3,Android,Google
SAMSUNG,GT-E1282T,Samsung OS,Samsung
SAMSUNG,METRO (SM-B313ED),Samsung OS,Samsung
SAMSUNG,METRO (SM-B313ED),Samsung OS,Samsung
SB TEL,"BL60, D54I",Proprietary OS,Proprietary OS
SAMSUNG,GALAXY ON7 PRO (SM-G615F DS),Android,Google
NOKIA,220,Series30,Symbian
LENOVO,A2010,Android,Google
NOKIA,107 DUAL SIM,Symbian OS,Symbian
NOKIA,112,Series40,Symbian
HUAWEI,GT3 (NMO-L31),Android,Google
SAMSUNG,GALAXY J7 DUOS LTE (SM-J700F DH),Android,Google
SAMSUNG,GALAXY J7 DUOS (SM-J700HDS),Android,Google
VIVO,1727,Android,Google
NOKIA,5030 XPRESSRADIO,Symbian OS,Symbian
SAMSUNG,GALAXY GRAND (GT-I9060I DS),Android,Google
XIAOMI,REDMI 4A,Android,Google
SAMSUNG,GALAXY S V LTE-A (SM-G900A),Android,Google
NOKIA,220,Series30,Symbian
SAMSUNG,GALAXY J1 (SM-J110HDS),Android,Google
WALTON,PRIMO RX5,Android,Google
SYMPHONY,V49,Android,Google
MICROSOFT,LUMIA 640 XL DUAL SIM (RM-1067),Windows phone,Microsoft
SAMSUNG,GALAXY ON7 DUOS TD-LTE (SM-G610F),Android,Google
WALTON,"PRIMO RH, Z, EF3, R4, S4",Android,Google
KINGSTAR,"KS-B20,KS-B21,KS-B23,KS-B24,KS-B25",Proprietary OS,Proprietary OS
SAMSUNG,GALAXY J5 DUOS (SM-J500H DS),Android,Google
SAMSUNG,GALAXY CORE PRIME (SM-G360H),Android,Google
SB TEL,"BL60, D54I",Proprietary OS,Proprietary OS
HTC,DESIRE EYE (0PFH200),Android,Google
APPLE,IPHONE X (A1901),iOS,Apple
NOKIA,105 (RM-1134),Symbian OS,Symbian
HTC,2PZS100,Android,Google
XIAOMI,REDMI 4A (2016111),Android,Google
XIAOMI,MI A1 (MDG2),Android,Google
APPLE,IPHONE 5 (A1429),iOS,Apple
NOKIA,105 DUAL SIM (RM-1133),Symbian OS,Symbian
WINSTAR,"W90,W100,W200,W300,W400",Proprietary OS,Proprietary OS
VIVO,Y53 (1606),Android,Google
SAMSUNG,GALAXY J1 (SM-J110HDD),Android,Google
ASUS,ZENFONE 5 (A501CG),Android,Google
LENOVO,VIBE P1M DUAL SIM TD-LTE,Android,Google
SYMPHONY,P9,Android,Google
SYMPHONY,I10,Android,Google
ITEL,IT2180,Proprietary OS,Proprietary OS
TECNO,F3,Android,Google
SB TEL,"SYMPHONY B12, D115",Proprietary OS,Proprietary OS
WALTON,PRIMO ZX2 MINI,Android,Google
SYMPHONY,"B16, T49, ZV, BL55, T8PRO",Android,Google
APPLE,IPHONE X (A1901),iOS,Apple
NOKIA,108 DUAL SIM (RM-944),Series30,Symbian
SPORTS,"SP1, SP3, SP7, SP9, SP10",Proprietary OS,Proprietary OS
SAMSUNG,GALAXY GRAND PRIME (SM-G531F),Android,Google
SAMSUNG,METRO SM-B350ED,Samsung OS,Samsung
OK MOBILE,M10,Android,Google
SAMSUNG,GALAXY J2 (SM-J200H),Android,Google
WINMAX,"W1,W2,W3,W4",Proprietary OS,Proprietary OS
SB TEL,"SYMPHONY M82, T63, B4, T48, B4I",Proprietary OS,Proprietary OS
NOKIA,215 DUAL SIM,Symbian OS,Symbian
NOKIA,1200,Symbian OS,Symbian
SYMPHONY,"BL40, BL45",Proprietary OS,Proprietary OS
NOKIA,220,Series30,Symbian
WINSTAR,"W27,W37,W38,W47,W48",Proprietary OS,Proprietary OS
LAVA,R1,Android,Google
NOKIA,105 DS (TA-1034),Symbian OS,Symbian
SAMSUNG,GALAXY NOTE 4 TD-LTE DUOS (SM-N9100),Android,Google
HUAWEI,Y6 II DUAL SIM (CAM-L21),Android,Google
SAMSUNG,GALAXY GRAND PRIME VE DUOS (SM-G531HDS),Android,Google
MYCELL,"S1, S2, S3, S4, F2",Proprietary OS,Proprietary OS
NOKIA,5 DS (TA-1053),Android,Google
SAMSUNG,GURU MUSIC II (SM-B310E),Samsung OS,Samsung
NOKIA,110,Series40,Symbian
XIAOMI,REDMI 5A (MCG3B),Android,Google
HUAWEI,GR3,Android,Google
SAMSUNG,GALAXY J5 DUOS LTE (SM-J500GDS),Android,Google
WALTON,PRIMO GH7,Android,Google
OPPO,CPH1729,Android,Google
APPLE,IPHONE 7 (A1778),iOS,Apple
SAMSUNG,GALAXY GRAND PRIME DUOS (SM-G532F DS),Android,Google
SB TEL,"BL60, D54I",Proprietary OS,Proprietary OS
HUAWEI,Y3 (CRO-U00),Android,Google
SYMPHONY,H60,Android,Google
SAMSUNG,GALAXY J2 DUOS (SM-J200G DD),Android,Google
SAMSUNG,GALAXY V PLUS DUOS (SM-G318HZ DD),Android,Google
HUAWEI,G PLAY MINI (CHC-U01),Android,Google
NOKIA,3310 3G (TA-1006),Proprietary OS,Proprietary OS
SAMSUNG,GALAXY J2 (SM-J200H),Android,Google
SAMSUNG,GALAXY S DUOS II (GT-S7582),Android,Google
SAMSUNG,GALAXY J5 DUOS (SM-J500H DD),Android,Google
OPPO,A37 (A37F),Android,Google
SYMPHONY,P6,Android,Google
OPPO,A37 (A37FW),Android,Google
WALTON,PRIMO D7,Android,Google
NOKIA,215 DUAL SIM,Symbian OS,Symbian
HUAWEI,Y6II (CAM-L21),Android,Google
NOKIA,"105, 1050 (RM-908)",Series30,Symbian
SYMPHONY,V49,Android,Google
HUAWEI,P9 LITE,Android,Google
KIMFLY,M10,Android,Google
SAMSUNG,GALAXY GRAND NEO DS (GT-I9060),Android,Google
SAMSUNG,GALAXY J1 (SM-J110HDS),Android,Google
SYMPHONY,I21,Android,Google
SYMPHONY,"B16, T49, ZV, BL55, T8PRO",Android,Google
HUAWEI,Y3 2017 (CRO-U00),Android,Google
TINMO,F900,Proprietary OS,Proprietary OS
OPPO,CPH1609,Android,Google
NOKIA,216 DUAL SIM (RM-1187),Nokia OS,Symbian
SAMSUNG,GALAXY A6 PLUS (SM-A605F DS),Android,Google
ITEL,S11X,Android,Google
WALTON,"PRIMO EM, RM2, RH2, WALPAD C, EM2",Android,Google
HTC,DESIRE 626G PLUS DUAL SIM,Android,Google
ITEL,IT5600,Proprietary OS,Proprietary OS
NOKIA,6020,Symbian OS,Symbian
STIL,"SGC-01,SGC-02,SGC-0A,SGC-0B,SGC-0C",Proprietary OS,Proprietary OS
SYMPHONY,"L25, FT42, W130, W69",Proprietary OS,Proprietary OS
SYMPHONY,"B16, T49, ZV, BL55, T8PRO",Android,Google
SYMPHONY,I10,Android,Google
SAMSUNG,GALAXY STAR PRO DUOS (GT-S7262),Android,Google
SYMPHONY,P6 PRO,Android,Google
SYMPHONY,"L35, W66, W72, W160",Proprietary OS,Proprietary OS
APPLE,IPHONE 7 PLUS (A1784),iOS,Apple
HTC,ONE A9 (2PQ9100),Android,Google
SAMSUNG,GALAXY J3 2016 DUOS (SM-J320F DS),Android,Google
MICROMAX,X808,NUCLEUS,Mentor Graphics
MICROSOFT,LUMIA 435 DUAL SIM (RM-1069),Windows phone,Microsoft
NOKIA,1202,Symbian OS,Symbian
SAMSUNG,GT-E1272,Samsung OS,Samsung
XIAOMI,REDMI NOTE 5 (M1803E7SH),Android,Google
SAMSUNG,GALAXY CORE PRIME (SM-G360H),Android,Google
HUAWEI,Y3II (LUA-U22),Android,Google
KINGSTAR,"KS-M1,KS-M2,KS-M3,KS-M5,KS-M7",Proprietary OS,Proprietary OS
SYMPHONY,I20,Android,Google
SYMPHONY,"D26, W128, W71I, W70Q",Proprietary OS,Proprietary OS
APPLE,IPHONE 7 PLUS (A1784),iOS,Apple
NOKIA,105 DS (TA-1034),Symbian OS,Symbian
WINMAX,"WX82 WX83,WX90,WX91",Android,Google
SYMPHONY,I20,Android,Google
SAMSUNG,GALAXY J2 (SM-J200H),Android,Google
SAMSUNG,GALAXY J2 PRIME DUOS (SM-G532G DS),Android,Google
SAMSUNG,GALAXY J5 DUOS (SM-J500H DD),Android,Google
KINGSTAR,"KS-M1,KS-M2,KS-M3,KS-M5,KS-M7",Proprietary OS,Proprietary OS
WALTON,PRIMO G7,Android,Google
WINMAX,"WX82 WX83,WX90,WX91",Android,Google
XIAOMI,MI A2 (M1804D2SG),Android,Google
OPPO,CPH1801,Android,Google
SAMSUNG,GALAXY J5 DUOS (SM-J500H DD),Android,Google
SAMSUNG,GALAXY GRAND II DUOS (SM-G7102),Android,Google
ITEL,IT5622,Proprietary OS,Proprietary OS
MAXIMUS,M87,Proprietary OS,Proprietary OS
LAVA,IRIS 505,Android,Google
NOKIA,110,Series40,Symbian
ITEL,S11,Android,Google
NOKIA,"101, 1010",Symbian OS,Symbian
LENOVO,VIBE C2,Android,Google
ITEL,IT5600,Proprietary OS,Proprietary OS
NOKIA,E63,Series60,Symbian
NOKIA,108 DUAL SIM (RM-944),Series30,Symbian
SAMSUNG,GALAXY J1 ACE DUOS (SM-J110F DS),Android,Google
SAMSUNG,GALAXY CORE II DUOS (SM-G355H),Android,Google
SAMSUNG,GURU MUSIC II (SM-B310E),Samsung OS,Samsung
SAMSUNG,GALAXY J7 DUOS (SM-J700H DD),Android,Google
SYMPHONY,"B9, FT34, B11I, H50",Proprietary OS,Proprietary OS
SAMSUNG,GALAXY J5 PRIME DUOS (SM-G570F DS),Android,Google
WALTON,"PRIMO NX2, G6, D6, GH4, E5",Android,Google
SAMSUNG,METRO SM-B350ED,Samsung OS,Samsung
SAMSUNG,GALAXY GRAND PRIME (SM-G530H),Android,Google
SYMPHONY,"W67, F15, H50, B12",Android,Google
SYMPHONY,T40,Proprietary OS,Proprietary OS
SAMSUNG,GALAXY J2 (SM-J200H),Android,Google
NOKIA,"1280, 1282",Symbian OS,Symbian
SAMSUNG,GALAXY J1 (SM-J110HDS),Android,Google
SAMSUNG,GALAXY J5 (SM-J510FN),Android,Google
SAMSUNG,GALAXY GRAND PRIME DUOS (SM-G532F DS),Android,Google
SYMPHONY,ROAR E79,Android,Google
GREYMARKET,HANDSET,Proprietary OS,Proprietary OS
ITEL,S11,Android,Google
SYMPHONY,"B16, T49, ZV, BL55, T8PRO",Android,Google
SYMPHONY,P6,Android,Google
NOKIA,1200,Symbian OS,Symbian
SAMSUNG,GALAXY CORE PRIME (SM-G360H),Android,Google
SAMSUNG,GALAXY GRAND PRIME (SM-G530H DV),Android,Google
HUAWEI,Y3II (LUA-U22),Android,Google
MYCELL,"BEE5,BEE6,MI9,MI10,BEE11",Proprietary OS,Proprietary OS
OPPO,A37 (A37FW),Android,Google
AAMRA,WE V4,Android,Google
SAMSUNG,GURU MUSIC II (SM-B310E),Samsung OS,Samsung
XIAOMI,REDMI 5 (MDG1),Android,Google
SAMSUNG,GALAXY J2 PRIME DUOS (SM-G532G DS),Android,Google
BY2,"M55, M630, P300, V202",Proprietary OS,Proprietary OS
OPPO,CPH1819,Android,Google
HUAWEI,Y3 2017 (CRO-U00),Android,Google
ASUS,ZENFONE GO ZB500KG (X00BD),Android,Google
SAMSUNG,GALAXY J1 (SM-J100H DS),Android,Google
HUAWEI,G PLAY MINI (CHC-U01),Android,Google
SYMPHONY,H400,Android,Google
SAMSUNG,GURU MUSIC II (SM-B310E),Samsung OS,Samsung
SAMSUNG,GALAXY ACE STYLE (SM-G313HZ),Android,Google
SAMSUNG,GALAXY J3 2016 DUOS (SM-J320F DS),Android,Google
HTC,DESIRE 830,Android,Google
SAMSUNG,GURU MUSIC II (SM-B310E),Samsung OS,Samsung
SYMPHONY,"V25, V55, V70, T54",Android,Google
HTC,DESIRE 530 4G LTE (2PST110),Android,Google
WALTON,"PRIMO N1, N2, D1, G3, G4",Android,Google
ITEL,IT1507,Android,Google
NOKIA,"1280, 1282",Symbian OS,Symbian
HUAWEI,NOVA 2I (RNE-L22),Android,Google
SAMSUNG,GURU MUSIC II (SM-B310E),Samsung OS,Samsung
SYMPHONY,"T7 ULTRA, B12, P5",Android,Google
SAMSUNG,GALAXY J7 DUOS LTE (SM-J710F DS),Android,Google
NOKIA,"105, 1050 (RM-908)",Series30,Symbian
NOKIA,6 DS (TA-1021),Android,Google
SAMSUNG,GALAXY J2 PRO 2018 (SM-J250F DS),Android,Google
SAMSUNG,GALAXY GRAND (GT-I9060I DS),Android,Google
SYMPHONY,"L22, T49, D26, W70Q, V30",Proprietary OS,Proprietary OS
OPPO,F1s (A1601),Android,Google
MAXIMUS,M211S,Proprietary OS,Proprietary OS
XIAOMI,REDMI 5 (MDG1),Android,Google
WINMAX,"BD15,BD25,BD35,BD45",Symbian OS,Symbian
SAMSUNG,GALAXY J2 PRO 2018 (SM-J250F DS),Android,Google
NOKIA,220,Series30,Symbian
SAMSUNG,GALAXY J7 DUOS (SM-J700H DD),Android,Google
SAMSUNG,SM-J600G DS,Samsung OS,Samsung
HUAWEI,Y3 (CRO-U00),Android,Google
GREYMARKET,HANDSET,Proprietary OS,Proprietary OS
LG,K10 (K420N),Android,Google
MICROMAX,Q398,Android,Google
NOKIA,"100, 1000",Symbian OS,Symbian
LENOVO,P70,Android,Google
OPPO,A37 (A37FW),Android,Google
WESTERN,"D2, D3, D4, D5",Proprietary OS,Proprietary OS
SYMPHONY,V52,Android,Google
LENOVO,A536,Android,Google
ITEL,A32F,Android,Google
HUAWEI,GT3 (NMO-L31),Android,Google
TECNO,CAMON I (IN5),Android,Google
WESTERN,"D2, D3, D4, D5",Proprietary OS,Proprietary OS
SYMPHONY,"V60, P6, V40, T90, ZVI",Android,Google
SB TEL,"SYMPHONY B19, E76",Proprietary OS,Proprietary OS
LAVA,IRIS 505,Android,Google
NOKIA,ASHA 230 (RM-986),Asha Software,NOKIA
LAVA,IRIS 705,Android,Google
SAMSUNG,GALAXY TREND II (SM-G318MZDS),Android,Google
HUAWEI,Y7 (TRT-LX2),Android,Google
SB TEL,"SYMPHONY B12, D115",Proprietary OS,Proprietary OS
HTC,0PMG200,Android,Google
SAMSUNG,GALAXY J7 DUOS (SM-J700H DD),Android,Google
SAMSUNG,GALAXY J7 DUOS LTE (SM-J710F DS),Android,Google
ERICSSON,BYTWO BS400,Android,Google
SYMPHONY,H175,Android,Google
MEIZU,M3 NOTE,Android,Google
OPPO,A1603,Android,Google
SYMPHONY,"L25, FT42, W130, W69",Proprietary OS,Proprietary OS
SAMSUNG,GALAXY J2 (SM-J200H),Android,Google
HUAWEI,Y3II (LUA-U22),Android,Google
SAMSUNG,GALAXY GRAND PRIME DUOS (SM-G532F DS),Android,Google
NOKIA,6 (TA-1000),Android,Google
XIAOMI,REDMI 5 PLUS,Android,Google
WALTON,PRIMO F7,Android,Google
SAMSUNG,GALAXY PLAYER 5.8 (GT-I9152),Android,Google
XIAOMI,REDMI NOTE 3 (2015112),Android,Google
SYMPHONY,"L25, FT42, W130, W69",Proprietary OS,Proprietary OS
SYMPHONY,I20,Android,Google
LAVA,IRIS 821,Android,Google
SAMSUNG,GURU MUSIC II (SM-B310E),Samsung OS,Samsung
KINGSTAR,"KS-M1,KS-M2,KS-M3,KS-M5,KS-M7",Proprietary OS,Proprietary OS
SAMSUNG,GALAXY J2 (SM-J200H),Android,Google
SYMPHONY,I10,Android,Google
LENOVO,A328,Android,Google
SB TEL,"SYMPHONY B19, E76",Proprietary OS,Proprietary OS
SYMPHONY,"E10, E60, ZVI",Android,Google
SAMSUNG,GALAXY A7 2017 (SM-A720F),Android,Google
NOKIA,108 DUAL SIM (RM-944),Series30,Symbian
SMOBILE,"P16,Q5,S810,S860,S880",Proprietary OS,Proprietary OS
SAMSUNG,SCH-W120,Samsung OS,Samsung
SB TEL,"BL60, D54I",Proprietary OS,Proprietary OS
HUAWEI,NEXUS 6P SPECIAL EDITION TD-LTE (H1512),Android,Google
OPPO,F1W SELFIE EXPERT,Android,Google
SAMSUNG,GALAXY J1 (SM-J110HDS),Android,Google
SYMPHONY,"M40,W68,W82,M100,W140",Proprietary OS,Proprietary OS
NOKIA,C2-00,Symbian OS,Symbian
TECNO,CAMON I (IN5),Android,Google
SYMPHONY,"L25, FT42, W130, W69",Proprietary OS,Proprietary OS
WINSTAR,"W7000,W8000,W9000,W902,W903",Proprietary OS,Proprietary OS
WALTON,PRIMO H7,Android,Google
FIVE STAR,"A101,A102,A103,A104,A105",Proprietary OS,Proprietary OS
ASUS,ZENFONE 5 (A501CG),Android,Google
MYCELL,"BEE17,BEE19, BEE18,M103,M104",Proprietary OS,Proprietary OS
G-PHONE,"GP14,GP15,GP16,T66,T77",Proprietary OS,Proprietary OS
ITEL,IT1513,Android,Google
SAMSUNG,GALAXY S V (SM-G900H),Android,Google
WESTERN,"D15,D16,D17,D18",Symbian OS,Symbian
SYMPHONY,"V60, P6, V40, T90, ZVI",Android,Google
SAMSUNG,GALAXY NOTE 4 LTE-A (SM-N910C),Android,Google
SB TEL,"SYMPHONY D29, L18, STUDIO 50",Proprietary OS,Proprietary OS
LAVA,IRIS 505,Android,Google
SAMSUNG,GURU MUSIC II (SM-B310E),Samsung OS,Samsung
SYMPHONY,I10,Android,Google
SB TEL,"BL60, D54I",Proprietary OS,Proprietary OS
SYMPHONY,H300,Android,Google
NOKIA,215 DUAL SIM,Symbian OS,Symbian
WALTON,PRIMO GF5,Android,Google
SAMSUNG,GALAXY S DUOS II (GT-S7582),Android,Google
NOKIA,5030 XPRESSRADIO,Symbian OS,Symbian
SAMSUNG,GURU MUSIC II (SM-B310E),Samsung OS,Samsung
SAMSUNG,GALAXY J7 DUOS (SM-J700H DD),Android,Google
XIAOMI,REDMI S2,Android,Google
SYMPHONY,V75,Android,Google
SAMSUNG,CORBY (SGH-S3650),Samsung OS,Samsung
SAMSUNG,SM-G5308W TD-LTE,Android,Google
SAMSUNG,GALAXY J1 (SM-J110HDS),Android,Google
LAVA,IRIS 870,Android,Google
HUAWEI,ENJOY 5 DUAL SIM TD-LTE (TIT-AL00),Android,Google
SB TEL,"BL60, D54I",Proprietary OS,Proprietary OS
ACER,LIQUID Z5 (Z150-US),Android,Google
HUAWEI,Y6II (CAM-L21),Android,Google
SAMSUNG,GALAXY J1 ACE DUOS (SM-J111F DS),Android,Google
SAMSUNG,GALAXY J2 PRIME DUOS (SM-G532G DS),Android,Google
NOKIA,"ASHA 206,2060",Series40,Symbian
WIKO,LENNY3,Android,Google
SB TEL,"BL60, D54I",Proprietary OS,Proprietary OS
SAMSUNG,GURU MUSIC II (SM-B310E),Samsung OS,Samsung
SYMPHONY,I10,Android,Google
WALTON,PRIMO NH2 LITE,Android,Google
SAMSUNG,GALAXY J2 2016 (SM-J210F),Android,Google
LAVA,IRIS 505,Android,Google
HUAWEI,NOVA 2I (RNE-L22),Android,Google
ITEL,S11,Android,Google
SAMSUNG,GALAXY J2 DUOS (SM-J200G DD),Android,Google
LAVA,IRIS 705,Android,Google
SAMSUNG,GALAXY J5 DUOS (SM-J500H DD),Android,Google
XIAOMI,REDMI NOTE 4 (2016102),Android,Google
WALTON,PRIMO H6 PLUS,Android,Google
SAMSUNG,GALAXY J2 (SM-J200H),Android,Google
NOKIA,230 DUAL SIM (RM-1172),Series30,Symbian
SAMSUNG,GALAXY J1(SM-J120G-DS),Android,Google
NOKIA,103,Symbian OS,Symbian
APPLE,IPHONE 5S (A1457),iOS,Apple
XIAOMI,REDMI 3S DUAL SIM TD-LTE (2016030),Android,Google
SAMSUNG,GALAXY GRAND PRIME (SM-G530H),Android,Google
XIAOMI,REDMI 4X,Android,Google
SAMSUNG,GALAXY S DUOS 3-VE (SM-G316HU-DD),Android,Google
SAMSUNG,GALAXY J2 (SM-J200H),Android,Google
SB TEL,"H55, M90, D28, M85",Android,Google
WINMAX,"W40,W50, W90,W100",Proprietary OS,Proprietary OS
OPPO,JOY 3 (A11W),Android,Google
SYMPHONY,"E25, D34, E75, S250",Android,Google
HUAWEI,ASCEND Y635-L21,Android,Google
SYMPHONY,"T100, L22, B14",Proprietary OS,Proprietary OS
SAMSUNG,GALAXY ACE (GT-S5830I),Android,Google
NOKIA,108 DUAL SIM (RM-944),Series30,Symbian
APPLE,IPHONE 6 LTE-A  (A1549),iOS,Apple
SAMSUNG,GALAXY J1 (SM-J110HDS),Android,Google
SAMSUNG,GURU MUSIC II (SM-B310E),Samsung OS,Samsung
SAMSUNG,GALAXY CORE PRIME VE DUOS (SM-G361H DS),Android,Google
XIAOMI,REDMI 5 (MDG1),Android,Google
SAMSUNG,GALAXY J2 (SM-J200H),Android,Google
GIONEE,PIONEER P5L,Android,Google
LG,F240S OPTIMUS G PRO,Android,Google
MICROMAX,X649,MTK RTOS,Motorola
LAVA,IRIS 41,Android,Google
XIAOMI,REDMI 2A,Android,Google
SAMSUNG,GALAXY J5 DUOS (SM-J500H DD),Android,Google
SB TEL,"BL60, D54I",Proprietary OS,Proprietary OS
BBK,VIVO Y11 TD,Android,Google
SYMPHONY,"T80, S200, W14, M44",Proprietary OS,Proprietary OS
ITEL,S11 PRO,Android,Google
NOKIA,"1280, 1282",Symbian OS,Symbian
HUAWEI,Y3II (LUA-U22),Android,Google
ITEL,S11 PRO,Android,Google
SYMPHONY,"E25, D34, E75, S250",Android,Google
SAMSUNG,GALAXY ACE NXT (SM-G313HU),Android,Google
WALTON,PRIMO R4 PLUS,Android,Google
NOKIA,105 DS (TA-1034),Symbian OS,Symbian
SYMPHONY,V49,Android,Google
SAMSUNG,GALAXY STAR PRO DUOS (GT-S7262),Android,Google
XIAOMI,REDMI NOTE 5 (M1803E7SG),Android,Google
NOKIA,LUMIA 830 LTE-A (RM-984),Windows phone,Microsoft
HTC,EVO 3D X515,Android,Google
MAXIMUS,M115C,Proprietary OS,Proprietary OS
XIAOMI,REDMI 4A (2016111),Android,Google
SYMPHONY,"L25, FT42, W130, W69",Proprietary OS,Proprietary OS
SAMSUNG,GT-E1282T,Samsung OS,Samsung
SAMSUNG,GALAXY CORE PRIME (SM-G360H),Android,Google
LAVA,IRIS 505,Android,Google
LAVA,IRIS 820,Android,Google
SAMSUNG,SGH-P700,Samsung OS,Samsung
SAMSUNG,GALAXY GRAND PRIME DUOS (SM-G532F DS),Android,Google
WALTON,PRIMO H6 LITE,Android,Google
SAMSUNG,GALAXY ACE STYLE (SM-G313HZ),Android,Google
SYMPHONY,P7,Android,Google
SYMPHONY,I50,Android,Google
SYMPHONY,"V50, H150, V80, B13, M1",Android,Google
XIAOMI,REDMI 4X DUAL (MAT136),Android,Google
SAMSUNG,GALAXY J5 DUOS (SM-J500H DS),Android,Google
HUAWEI,Y3II (LUA-L03),Android,Google
SAMSUNG,GALAXY J3 2016 DUOS (SM-J320F DS),Android,Google
SAMSUNG,GURU MUSIC II (SM-B310E),Samsung OS,Samsung
SB TEL,"BL60, D54I",Proprietary OS,Proprietary OS
SYMPHONY,I10,Android,Google
STRAWBERRY,"DAISY, SUGAR, SB211, SAVOR,SCENT",Proprietary OS,Proprietary OS
LAVA,IRIS 605,Android,Google
SAMSUNG,GALAXY GRAND (GT-I9060I DS),Android,Google
SAMSUNG,GALAXY J7 (SM-J701F DS),Android,Google
SAMSUNG,GALAXY S III MINI GT-I8190,Android,Google
SAMSUNG,GALAXY S DUOS II (GT-S7582),Android,Google
SAMSUNG,GALAXY S8 PLUS DUOS (SM-G955FD),Android,Google
SAMSUNG,GALAXY J3 2016 DUOS (SM-J320F DS),Android,Google
NOKIA,108 DUAL SIM (RM-944),Series30,Symbian
SYMPHONY,"W67, F15, H50, B12",Android,Google
SAMSUNG,GALAXY J2 (SM-J200H),Android,Google
HUAWEI,Y3II (LUA-U22),Android,Google
HUAWEI,Y5II (CUN-L03),Android,Google
NOKIA,230 DUAL SIM (RM-1172),Series30,Symbian
SYMPHONY,V75,Android,Google
SYMPHONY,V75,Android,Google
NOKIA,110,Series40,Symbian
OPPO,NEO 5,Android,Google
SYMPHONY,V49,Android,Google
OPPO,CPH1723,Android,Google
HUAWEI,Y541,Android,Google
NOKIA,3310 DS (TA-1030),Proprietary OS,Proprietary OS
SAMSUNG,GURU MUSIC II (SM-B310E),Samsung OS,Samsung
NOKIA,105 SS (TA-1010),Proprietary OS,Proprietary OS
OPPO,CPH1723,Android,Google
SAMSUNG,GALAXY CORE PRIME (SM-G360H),Android,Google
SYMPHONY,V120,Android,Google
HUAWEI,ASCEND G6-L11 LTE-A,Android,Google
NOKIA,1202,Symbian OS,Symbian
MICROSOFT,LUMIA 430 DUAL SIM (RM-1099),Windows phone,Microsoft
LAVA,GRAND2C,Android,Google
KINGSTAR,"KS-B20,KS-B21,KS-B23,KS-B24,KS-B25",Proprietary OS,Proprietary OS
SAMSUNG,GALAXY J3 2016 DUOS (SM-J320F DS),Android,Google
WINMAX,"WX82 WX83,WX90,WX91",Android,Google
SAMSUNG,GALAXY J2 (SM-J200H),Android,Google
SAMSUNG,GALAXY YOUNG II (SM-G130H),Android,Google
HUAWEI,Y5 (2017),Android,Google
NOKIA,130,Proprietary OS,Proprietary OS
SAMSUNG,GALAXY J1 (SM-J100H DS),Android,Google
LAVA,IRIS 60,Android,Google
SYMPHONY,"B9, FT34, B11I, H50",Proprietary OS,Proprietary OS
SAMSUNG,GALAXY GRAND II DUOS (SM-G7102),Android,Google
SAMSUNG,GALAXY J7 PRIME (SM-G610F DS),Android,Google
SAMSUNG,GALAXY GRAND (GT-I9060I DS),Android,Google
HUAWEI,ASCEND Y625-U32,Android,Google
SAMSUNG,GALAXY J1 (SM-J110HDS),Android,Google
SAMSUNG,GALAXY J2 (SM-J200H),Android,Google
SAMSUNG,GALAXY J1 ACE (SM-J106H DS),Android,Google
ITEL,S11,Android,Google
SAMSUNG,GALAXY GRAND PRIME DUOS (SM-G532F DS),Android,Google
SAMSUNG,GALAXY J7 (SM-J701F DS),Android,Google
SAMSUNG,GALAXY J2 (SM-J200GUDS),Android,Google
SAMSUNG,GALAXY J1 (SM-J100H),Android,Google
SYMPHONY,"W68Q, W91, ZIV",Android,Google
SAMSUNG,GALAXY J5 DUOS (SM-J500F DS),Android,Google
ITEL,IT5020,Proprietary OS,Proprietary OS
SAMSUNG,GALAXY J2 PRIME DUOS (SM-G532G DS),Android,Google
SAMSUNG,GALAXY J2 DUOS (SM-J200G DD),Android,Google
NOKIA,105 DS (TA-1034),Symbian OS,Symbian
APPLE,IPHONE 6S (A1700),iOS,Apple
SYMPHONY,"L6, W86, D51I",Proprietary OS,Proprietary OS
SAMSUNG,GALAXY J1 (SM-J100H DS),Android,Google
IMAX,"MX 115, MX 116, MX 117, MX 118, MX 119",Proprietary OS,Proprietary OS
SYMPHONY,"L30, W69Q, W17, H100",Proprietary OS,Proprietary OS
SYMPHONY,"B9I, W69, L20",Proprietary OS,Proprietary OS
SAMSUNG,GALAXY J2 DUOS (SM-J200H),Android,Google
HUAWEI,Y3II (LUA-L03),Android,Google
WINMAX,"WX14,WX15,WX16,WX17",Proprietary OS,Proprietary OS
SAMSUNG,GALAXY GRAND PRIME DUOS (SM-G532F DS),Android,Google
SYMPHONY,"V25, V55, V70, T54",Android,Google
SAMSUNG,GURU MUSIC II (SM-B310E),Samsung OS,Samsung
SAMSUNG,GALAXY GRAND PRIME DUOS (SM-G532F DS),Android,Google
SYMPHONY,"B16, T49, ZV, BL55, T8PRO",Android,Google
SAMSUNG,GALAXY J2 DUOS (SM-J200F DS),Android,Google
WALTON,"PRIMO G5, HM, E4, F5, H4",Android,Google
OPPO,F1F SELFIE EXPERT,Android,Google
SAMSUNG,GALAXY J1 MINI (SM-J105H DD),Android,Google
SAMSUNG,GURU MUSIC II (SM-B310E),Samsung OS,Samsung
SYMPHONY,"B16, T49, ZV, BL55, T8PRO",Android,Google
SAMSUNG,GALAXY J3 DUOS HSPA (SM-J320FN),Android,Google
HTC,DESIRE 526G PLUS DUAL SIM (0PL4100),Android,Google
ITEL,IT2180,Proprietary OS,Proprietary OS
SAMSUNG,GALAXY J5 PRIME DUOS (SM-G570F DS),Android,Google
PACIFIC,"NEXUS NX10, NX21, NX12, NX24,NX62",Proprietary OS,Proprietary OS
WALTON,PRIMO EF5 PLUS,Android,Google
APPLE,IPHONE 6 PLUS LTE-A (A1522),iOS,Apple
SAMSUNG,GALAXY S III (GT-I9300),Android,Google
HUAWEI,NOVA 2 LITE (LDN-LX2),Android,Google
APPLE,IPHONE 6S PLUS (A1634 TD-LTE),iOS,Apple
NOKIA,105 DUAL SIM (RM-1133),Symbian OS,Symbian
HUAWEI,Y3II (LUA-L03),Android,Google
SYMPHONY,"T7 ULTRA, B12, P5",Android,Google
XIAOMI,REDMI 3S DUAL SIM TD-LTE (2016030),Android,Google
HUAWEI,Y5II (CUN-L03),Android,Google
SYMPHONY,V75,Android,Google
SAMSUNG,GALAXY J7 (SM-J730F DS),Android,Google
SAMSUNG,GALAXY O7 (SM-G600FY),Android,Google
SYMPHONY,P7,Android,Google
SAMSUNG,GALAXY GRAND PRIME VE DUOS (SM-G531HDS),Android,Google
XIAOMI,REDMI NOTE 4 (2016102),Android,Google
SAMSUNG,"J7 PRIME2 (SM-G611FF,DS)",Android,Google
SYMPHONY,ROAR E79,Android,Google
NOKIA,1680 CLASSIC,Symbian OS,Symbian
SYMPHONY,"BL50, W18, P5, A50",Proprietary OS,Proprietary OS
ERICSSON,BYTWO M25,Symbian OS,Symbian
HTC,ONE E9 PLUS DUAL SIM TD-LTE E9PT (HTC A55),Android,Google
ALCATEL,PIXI 4 (5010U),Android,Google
XIAOMI,REDMI 5A (MCG3B),Android,Google
SAMSUNG,GALAXY S DUOS II (GT-S7582),Android,Google
NOKIA,105 (RM-1134),Symbian OS,Symbian
KINGSTAR,"KS-M1,KS-M2,KS-M3,KS-M5,KS-M7",Proprietary OS,Proprietary OS
HUAWEI,Y3 2017 (CRO-U00),Android,Google
ITEL,P11,Android,Google
SYMPHONY,V120,Android,Google
NOKIA,130,Proprietary OS,Proprietary OS
WALTON,PRIMO EF5,Android,Google
SYMPHONY,I10 PLUS,Android,Google
SAMSUNG,GALAXY J1 (SM-J110HDS),Android,Google
LENOVO,IDEATAB A1000,Android,Google
WINMAX,"BD15,BD25,BD35,BD45",Symbian OS,Symbian
SAMSUNG,GALAXY J1 (SM-J100H DS),Android,Google
SB TEL,"SYMPHONY B12, D115",Proprietary OS,Proprietary OS
SYMPHONY,H300,Android,Google
SAMSUNG,SGH-S8003 JET,Samsung OS,Samsung
HUAWEI,Y3 (CRO-U00),Android,Google
SYMPHONY,"W5, W100, B4I, B4",Android,Google
WINMAX,"BD33,BD77,BD90,BD95",Symbian OS,Symbian
SAMSUNG,GALAXY J1 (SM-J100F),Android,Google
SONY,XPERIA XA1 PLUS (G3412),Android,Google
SYMPHONY,"BL50, W18, P5, A50",Proprietary OS,Proprietary OS
NOKIA,108 DUAL SIM (RM-944),Series30,Symbian
OPPO,CPH1801,Android,Google
SAMSUNG,GALAXY J3 2016 DUOS (SM-J320F DS),Android,Google
NOKIA,105 (RM-1134),Symbian OS,Symbian
SAMSUNG,GALAXY J5 2016 (SM-J510F DS),Android,Google
SAMSUNG,GALAXY J7 DUOS (SM-J700HDS),Android,Google
AAMRA,WE B1,Android,Google
SYMPHONY,V32,Android,Google
NOKIA,5130 XPRESSMUSIC,Series40,Symbian
SAMSUNG,GALAXY A3 LTE (SM-A300F DS),Android,Google
QUATRO MOBILE,F1453 PLUS,Android,Google
WALTON,PRIMO D8S,Android,Google
WALTON,PRIMO RM3,Android,Google
SYMPHONY,I10 PLUS,Android,Google
SYMPHONY,"E10, E60, ZVI",Android,Google
SAMSUNG,GALAXY J7 DUOS LTE (SM-J710GN DS),Android,Google
HUAWEI,Y6 II DUAL SIM (CAM-L21),Android,Google
SYMPHONY,"V60, P6, V40, T90, ZVI",Android,Google
MYCELL,"S1, S2, S3, S4, F2",Proprietary OS,Proprietary OS
SYMPHONY,"L30, W69Q, W17, H100",Proprietary OS,Proprietary OS
APPLE,IPHONE 5 (A1429),iOS,Apple
NOKIA,"ASHA 206,2060",Series40,Symbian
RANGS,"J103, J55, Z20, J4, Z09",Proprietary OS,Proprietary OS
SAMSUNG,"GALAXY S IV MINI (GT-I9190,GT-I9192)",Android,Google
SYMPHONY,FT10,Proprietary OS,Proprietary OS
SAMSUNG,GALAXY J7 DUOS LTE (SM-J710F DS),Android,Google
QPHONE,"Q10,Q20,Q30,Q40,Q50",Proprietary OS,Proprietary OS
WALTON,PRIMO HM4 PLUS,Android,Google
NOKIA,105 SS (TA-1010),Proprietary OS,Proprietary OS
SAMSUNG,GALAXY GRAND (GT-I9060I DS),Android,Google
NOKIA,105 DUAL SIM (RM-1133),Symbian OS,Symbian
SPORTS,"SP1, SP3, SP7, SP9, SP10",Proprietary OS,Proprietary OS
SAMSUNG,GALAXY S DUOS II (GT-S7582),Android,Google
XIAOMI,REDMI NOTE 4 (2016102),Android,Google
XIAOMI,REDMI NOTE 5A (MDG6),Android,Google
APPLE,IPHONE 7 PLUS (A1784),iOS,Apple
SAMSUNG,GALAXY J1 (SM-J100H DS),Android,Google
NOKIA,130,Proprietary OS,Proprietary OS
SAMSUNG,GALAXY J7 (SM-J701F DS),Android,Google
SB TEL,"BL60, D54I",Proprietary OS,Proprietary OS
SAMSUNG,GALAXY GRAND (GT-I9060I DS),Android,Google
SB TEL,"BL60, D54I",Proprietary OS,Proprietary OS
SAMSUNG,GALAXY J2 PRO 2018 (SM-J250F DS),Android,Google
SAMSUNG,GALAXY J5 DUOS (SM-J500H DS),Android,Google
SYMPHONY,"L22, T49, D26, W70Q, V30",Proprietary OS,Proprietary OS
SYMPHONY,V75,Android,Google
WINSTAR,"WS101,WS102,WS103,WS104,WS105",Proprietary OS,Proprietary OS
WALTON,PRIMO RM2 MINI,Android,Google
APPLE,IPHONE 5 (A1429),iOS,Apple
SAMSUNG,GALAXY J5 PRIME DUOS (SM-G570F DS),Android,Google
SAMSUNG,GALAXY J3 2016 DUOS (SM-J320F DS),Android,Google
SAMSUNG,GURU MUSIC II (SM-B310E),Samsung OS,Samsung
ITEL,IT5600,Proprietary OS,Proprietary OS
SYMPHONY,E58,Android,Google
SAMSUNG,GALAXY J7 DUOS (SM-J700H DD),Android,Google
XIAOMI,REDMI NOTE 5A (MDG6),Android,Google
SAMSUNG,GALAXY J7 PRIME (SM-G610F DS),Android,Google
SAMSUNG,GALAXY J2 PRIME DUOS (SM-G532G DS),Android,Google
HUAWEI,Y5 (2017),Android,Google
MICROMAX,X088,Proprietary OS,Proprietary OS
SYMPHONY,I50,Android,Google
HTC,DESIRE 816G Dual SIM,Android,Google
OPPO,A37 (A37FW),Android,Google
OPPO,F1s (A1601),Android,Google
HUAWEI,Y5II (CUN-L03),Android,Google
VIVO,Y53 (1606),Android,Google
NOKIA,108 DUAL SIM (RM-944),Series30,Symbian
WALTON,"PRIMO X3MINI, ZXMINI, GF2, S3MINI, RX3",Android,Google
HUAWEI,Y6 PRIME 2018 (ATU-L31),Android,Google
SAMSUNG,GALAXY S DUOS II (GT-S7582),Android,Google
MAXIMUS,M100C,Proprietary OS,Proprietary OS
SAMSUNG,GALAXY ACE STYLE LTE (SM-G357FZ),Android,Google
SAMSUNG,SCH-W120,Samsung OS,Samsung
SAMSUNG,GALAXY J5 2017 PRO (SM-J530F),Android,Google
SYMPHONY,D53,Proprietary OS,Proprietary OS
SAMSUNG,GALAXY GRAND DUOS (GT-I9082),Android,Google
ITEL,A13 PLUS,Android,Google
SYMPHONY,"B9, FT34, B11I, H50",Proprietary OS,Proprietary OS
SAMSUNG,GALAXY A3 (SM-A300HDS),Android,Google
NOKIA,"C1-01, C1 03",Symbian OS,Symbian
SAMSUNG,GURU MUSIC II (SM-B310E),Samsung OS,Samsung
SAMSUNG,"GALAXY S DUOS (GT-S7562,GT-S7566)",Android,Google
SB TEL,"SYMPHONY D29, L18, STUDIO 50",Proprietary OS,Proprietary OS
NOKIA,130,Proprietary OS,Proprietary OS
SYMPHONY,"B16, T49, ZV, BL55, T8PRO",Android,Google
HUAWEI,P8 LITE (ALE-L21) DUAL SIM LTE,Android,Google
WALTON,PRIMO GH7,Android,Google
SAMSUNG,GALAXY J2 PRIME DUOS (SM-G532G DS),Android,Google
SAMSUNG,GALAXY J5 DUOS (SM-J500F DS),Android,Google
HTC,ONE E9 PLUS DUAL SIM TD-LTE E9PT (HTC A55),Android,Google
SYMPHONY,H120,Android,Google
SAMSUNG,GALAXY ACE NXT (SM-G313F),Android,Google
OPPO,A1603,Android,Google
NOKIA,"101, 1010",Symbian OS,Symbian
SAMSUNG,METRO (SM-B313ED),Samsung OS,Samsung
SYMPHONY,P9,Android,Google
ELITE,"S10, H1, H2, X110, X220",Proprietary OS,Proprietary OS
SAMSUNG,GALAXY J1 (SM-J120H DS),Android,Google
VIVO,Y66,Android,Google
WALTON,B09,Proprietary OS,Proprietary OS
SB TEL,"SYMPHONY B12, D115",Proprietary OS,Proprietary OS
XIAOMI,REDMI 5A (MCG3B),Android,Google
SAMSUNG,GALAXY S DUOS II (GT-S7582),Android,Google
SAMSUNG,GALAXY GRAND NEO DS (GT-I9060),Android,Google
WINMAX,"WX40,WX41,WX42,WX43",Proprietary OS,Proprietary OS
NOKIA,106 (RM-962),Symbian OS,Symbian
SYMPHONY,I10,Android,Google
XIAOMI,REDMI 5 (MDG1),Android,Google
SYMPHONY,"T7 PRO, D24, W75, W94",Android,Google
SYMPHONY,E58,Android,Google
LAVA,IRIS 702,Android,Google
HUAWEI,P8 LITE (ALE-L21) DUAL SIM LTE,Android,Google
NOKIA,108 DUAL SIM (RM-944),Series30,Symbian
SB TEL,"SYMPHONY B12, D115",Proprietary OS,Proprietary OS
SAMSUNG,GALAXY NOTE III LTE (SM-N9005),Android,Google
SYMPHONY,P6,Android,Google
SAMSUNG,GALAXY J2 (SM-J200H),Android,Google
SAMSUNG,GALAXY GRAND PRIME DUOS (SM-G532F DS),Android,Google
LAVA,IRIS 702,Android,Google
SAMSUNG,GALAXY J7 (SM-J730GM DS),Android,Google
SAMSUNG,GALAXY J2 DUOS (SM-J200G DD),Android,Google
SYMPHONY,HELIO S1,Android,Google
NOKIA,"1280, 1282",Symbian OS,Symbian
SYMPHONY,I21,Android,Google
SAMSUNG,GURU MUSIC II (SM-B310E),Samsung OS,Samsung
NOKIA,225 DUAL SIM (RM-1011),Series40,Symbian
LENOVO,A2010,Android,Google
DOOGEE,X20L,Android,Google
SYMPHONY,"T100, L22, B14",Proprietary OS,Proprietary OS
SAMSUNG,GALAXY CORE PRIME (SM-G360H),Android,Google
VIVO,Y81 (1808),Android,Google
HTC,DESIRE 820G,Android,Google
HUAWEI,Y5II (CUN-L03),Android,Google
SAMSUNG,GALAXY J5 DUOS (SM-J500H DD),Android,Google
ITEL,S11,Android,Google
SAMSUNG,GURU MUSIC II (SM-B310E),Samsung OS,Samsung
WINSTAR,MOBILE PHONE DISCOVERY-6,Android,Google
SAMSUNG,GALAXY CORE PRIME (SM-G360H),Android,Google
MICROMAX,Q354,Android,Google
WALTON,PRIMO EF4,Android,Google
LENOVO,IDEATAB A1000,Android,Google
SAMSUNG,SGH-P700,Samsung OS,Samsung
SAMSUNG,GALAXY GRAND PRIME (SM-G530H DV),Android,Google
SAMSUNG,GALAXY Y (GT-S5360),Android,Google
SAMSUNG,GALAXY J5 DUOS (SM-J500F DS),Android,Google
XIAOMI,REDMI 4X,Android,Google
NOKIA,215 DUAL SIM,Symbian OS,Symbian
SAMSUNG,GALAXY J3 DUOS HSPA (SM-J320H DS),Android,Google
XIAOMI,REDMI NOTE 4 (2016102),Android,Google
NOKIA,"ASHA 206,2060",Series40,Symbian
SAMSUNG,GALAXY J3 DUOS HSPA (SM-J320G DS),Android,Google
XIAOMI,REDMI 2A,Android,Google
LENOVO,A2010,Android,Google
SAMSUNG,GURU MUSIC II (SM-B310E),Samsung OS,Samsung
SYMPHONY,V75,Android,Google
NOKIA,220,Series30,Symbian
SYMPHONY,"W67, F15, H50, B12",Android,Google
WALTON,PRIMO NH2 LITE,Android,Google
NOKIA,215 DUAL SIM,Symbian OS,Symbian
SB TEL,"BL60, D54I",Proprietary OS,Proprietary OS
MYCELL,"BEE17,BEE19, BEE18,M103,M104",Proprietary OS,Proprietary OS
SAMSUNG,GALAXY J1 ACE (SM-J106H DS),Android,Google
XIAOMI,MI A1 (MDG2),Android,Google
NOKIA,5 DS (TA-1053),Android,Google
SAMSUNG,GALAXY S VI (SM-G925F),Android,Google
HUAWEI,Y9 2018 (FLA-LX2),Android,Google
SYMPHONY,E58,Android,Google
WALTON,PRIMO NF2,Android,Google
SAMSUNG,GALAXY J1 (SM-J100H),Android,Google
MAXIMUS,M7I,Proprietary OS,Proprietary OS
NOKIA,X DUAL SIM (NORMANDY A110),Android,Google
NOKIA,105 (RM-1134),Symbian OS,Symbian
LAVA,PIXEL V2 PLUS,Android,Google
NOKIA,1100,Symbian OS,Symbian
SYMPHONY,"L30, W69Q, W17, H100",Proprietary OS,Proprietary OS
SAMSUNG,GALAXY J5 DUOS (SM-J500F DS),Android,Google
SAMSUNG,GALAXY J1 (SM-J110HDD),Android,Google
NOKIA,"101, 1010",Symbian OS,Symbian
SAMSUNG,GALAXY J2 DUOS (SM-J200F DS),Android,Google
MICROMAX,BOLT SUPREME 2 Q301,Android,Google
SYMPHONY,I10 PLUS,Android,Google
SB TEL,"BL60, D54I",Proprietary OS,Proprietary OS
SAMSUNG,SGH-P700,Samsung OS,Samsung
SYMPHONY,ZVII,Android,Google
APPLE,IPHONE 6 TD-LTE (A1586),iOS,Apple
SYMPHONY,"B16, T49, ZV, BL55, T8PRO",Android,Google
NOKIA,1202,Symbian OS,Symbian
SAMSUNG,GALAXY J2 (SM-J200H),Android,Google
SAMSUNG,GALAXY GRAND DUOS (GT-I9082),Android,Google
NOKIA,X2-02,Symbian OS,Symbian
SAMSUNG,METRO (SM-B313ED),Samsung OS,Samsung
HUAWEI,Y6II (CAM-L21),Android,Google
SYMPHONY,"L6, W86, D51I",Proprietary OS,Proprietary OS
REACH TECH,T131D,Proprietary OS,Proprietary OS
HUAWEI,P8 or P9 LITE 2017 (PRA-LX2),Android,Google
SAMSUNG,GALAXY J1 ACE DUOS (SM-J111F DS),Android,Google
SAMSUNG,SGH-E250I,Samsung OS,Samsung
NOKIA,"101, 1010",Symbian OS,Symbian
RIYA,"ORANGE PHONE A1,B100,E90,N101,K70,J6,B200,E60,N70",Proprietary OS,Proprietary OS
SYMPHONY,ROAR V20,Android,Google
NOKIA,"105, 1050 (RM-908)",Series30,Symbian
SYMPHONY,"B16, T49, ZV, BL55, T8PRO",Android,Google
SAMSUNG,CHAMP DUOS (GT-E2652),Samsung OS,Samsung
SB TEL,"BL60, D54I",Proprietary OS,Proprietary OS
SAMSUNG,GALAXY J7 (SM-J701F DS),Android,Google
SB TEL,"SYMPHONY B12, D115",Proprietary OS,Proprietary OS
LAVA,IRIS 702,Android,Google
SYMPHONY,"B16, T49, ZV, BL55, T8PRO",Android,Google
HUAWEI,ASCEND Y600-U20,Android,Google
SAMSUNG,GURU MUSIC II (SM-B310E),Samsung OS,Samsung
SAMSUNG,GALAXY ON7 DUOS TD-LTE (SM-G610F),Android,Google
ITEL,IT5600,Proprietary OS,Proprietary OS
ITEL,IT5600,Proprietary OS,Proprietary OS
SYMPHONY,I10,Android,Google
OPPO,CPH 1717,Android,Google
ITEL,A13,Android,Google
SYMPHONY,"L25, FT42, W130, W69",Proprietary OS,Proprietary OS
HUAWEI,Y7 (TRT-LX2),Android,Google
SAMSUNG,GALAXY J1 (SM-J100H DS),Android,Google
SAMSUNG,GALAXY J5 PRIME DUOS (SM-G570F DS),Android,Google
WALTON,PRIMO R4S,Android,Google
SAMSUNG,GALAXY J2 DUOS (SM-J200G DD),Android,Google
SAMSUNG,GALAXY GRAND (GT-I9060I DS),Android,Google
OPPO,A37 (A37FW),Android,Google
SIEMENS,KIMFLY M6,Android,Google
SYMPHONY,I10,Android,Google
SYMPHONY,"V60, P6, V40, T90, ZVI",Android,Google
HUAWEI,Y3II (LUA-U22),Android,Google
SAMSUNG,GALAXY TAB A 7.0 2016 (SM-T285),Android,Google
SYMPHONY,"B16, T49, ZV, BL55, T8PRO",Android,Google
SB TEL,"H55, M90, D28, M85",Android,Google
XIAOMI,REDMI 4 PREMIUM EDITION DUAL SIM (2016060),Android,Google
HUAWEI,P8 or P9 LITE 2017 (PRA-LX2),Android,Google
NOKIA,230 DUAL SIM (RM-1172),Series30,Symbian
SAMSUNG,GURU MUSIC II (SM-B310E),Samsung OS,Samsung
SAMSUNG,GALAXY S DUOS II (GT-S7582),Android,Google
NOKIA,5 DS (TA-1053),Android,Google
GREYMARKET,HANDSET,Proprietary OS,Proprietary OS
SYMPHONY,"W67, F15, H50, B12",Android,Google
RANGS,"J9, J10, J101, J102, Z7",Proprietary OS,Proprietary OS
G-TIDE,"E75,E79,V3,E76,E71",Android,Google
NOKIA,6 DS (TA-1021),Android,Google
ITEL,IT2180,Proprietary OS,Proprietary OS
PEACE,"MOBILE PHONE P66,P77,P88,P99,P4",BADA,Samsung
SAMSUNG,GALAXY J7 DUOS LTE (SM-J710F DS),Android,Google
SAMSUNG,GALAXY CORE II DUOS (SM-G355H),Android,Google
SAMSUNG,GALAXY GRAND PRIME VE DUOS (SM-G531HDS),Android,Google
NOKIA,130 DS (TA-1017),Proprietary OS,Proprietary OS
SYMPHONY,V75,Android,Google
HUAWEI,Y5II (CUN-L03),Android,Google
WALTON,"PRIMO HM MINI, E6, GF4, NX3, S5",Android,Google
WALTON,PRIMO RX5,Android,Google
VIVO,Y53 (1606),Android,Google
WALTON,PRIMO GM2,Android,Google
AAMRA,WE L1,Android,Google
SYMPHONY,R20,Android,Google
SYMPHONY,P7,Android,Google
OPPO,A37 (A37FW),Android,Google
SAMSUNG,GURU MUSIC II (SM-B310E),Samsung OS,Samsung
SYMPHONY,ZVIII,Android,Google
XIAOMI,REDMI NOTE 5A (MDE6),Android,Google
NOKIA,105 DS (TA-1034),Symbian OS,Symbian
NOKIA,105 DS (TA-1034),Symbian OS,Symbian
SYMPHONY,I20,Android,Google
SAMSUNG,GALAXY MINI (GT-S5570),Android,Google
SAMSUNG,GALAXY S III MINI (GT-I8200),Android,Google
SAMSUNG,GALAXY J1 (SM-J110HDS),Android,Google
ITEL,IT5600,Proprietary OS,Proprietary OS
SAMSUNG,GALAXY GRAND PRIME (SM-G530H),Android,Google
MOTOROLA,T720-T720I WITH EOTD,VRTXmc,Mentor Graphics
SAMSUNG,GALAXY J2 DUOS (SM-J200G DD),Android,Google
G-PHONE,"GP14,GP15,GP16,T66,T77",Proprietary OS,Proprietary OS
NOKIA,"ASHA 206,2060",Series40,Symbian
SAMSUNG,GALAXY A3 TD-LTE (SM-A3000),Android,Google
SYMPHONY,"B9I, W69, L20",Proprietary OS,Proprietary OS
OKAPIA,SIGNATURE L,Android,Google
SYMPHONY,"D27, W19, L25",Proprietary OS,Proprietary OS
NOKIA,110,Series40,Symbian
G-PHONE,"GP14,GP15,GP16,T66,T77",Proprietary OS,Proprietary OS
NOKIA,215 DUAL SIM,Symbian OS,Symbian
VIVO,1719,Android,Google
XIAOMI,REDMI NOTE 4 (2016102),Android,Google
SAMSUNG,GALAXY TREND DUOS (GT-S7392),Android,Google
WALTON,"OLVIO ML4, L16, ML5, MM11, MM12",Proprietary OS,Proprietary OS
VELL-COM,"MI7,VELL-COM V500,VELL-COM 108W,VELL-COM Q12,VELL",Android,Google
TECNO,CAMON I (IN5),Android,Google
SAMSUNG,GALAXY J5 DUOS (SM-J500H DS),Android,Google
SAMSUNG,GALAXY J2 PRO 2018 (SM-J250F DS),Android,Google
TINMO,F688,Proprietary OS,Proprietary OS
HUAWEI,MEDIAPAD T1 8.0 4G LTE (T1-821L),Android,Google
SAMSUNG,GALAXY GRAND PRIME VE DUOS (SM-G531HDS),Android,Google
SAMSUNG,I-LIFE ITELL K3400,Android,Google
SAMSUNG,GALAXY S7 EDGE (SM-G935P),Android,Google
SYMPHONY,V32,Android,Google
SAMSUNG,GALAXY J1 MINI PRIME (SM-J106H DS),Android,Google
SAMSUNG,SM-J600F DS,Samsung OS,Samsung
SAMSUNG,GALAXY J1 (SM-J100H DS),Android,Google
SAMSUNG,GALAXY J5 2016 (SM-J510FN DS),Android,Google
NOKIA,105 (RM-1134),Symbian OS,Symbian
SAMSUNG,METRO (SM-B313ED),Samsung OS,Samsung
WALTON,"PRIMO HM MINI, E6, GF4, NX3, S5",Android,Google
SAMSUNG,GALAXY GRAND PRIME DUOS (SM-G532F DS),Android,Google
SYMPHONY,"L22, T49, D26, W70Q, V30",Proprietary OS,Proprietary OS
OPPO,CPH 1717,Android,Google
SYMPHONY,"T7 PRO, D24, W75, W94",Android,Google
NOKIA,216 DUAL SIM (RM-1187),Nokia OS,Symbian
MICROMAX,X717,MTK RTOS,Motorola
SAMSUNG,GALAXY J1 MINI (SM-J105B DS),Android,Google
LAVA,IRIS X1 PLUS,Android,Google
TECNO,SPARK,Android,Google
SAMSUNG,GALAXY J2 DUOS (SM-J200H),Android,Google
SB TEL,"BL60, D54I",Proprietary OS,Proprietary OS
LENOVO,LENOVO A396,Android,Google
LAVA,IRIS 605,Android,Google
ITEL,A13,Android,Google
NOKIA,105 (RM-1134),Symbian OS,Symbian
NOKIA,3310 DS (TA-1030),Proprietary OS,Proprietary OS
SAMSUNG,GALAXY TAB 3 V,Android,Google
XIAOMI,MI A2 LITE (M1805D1SG),Android,Google
NOKIA,3310 DS (TA-1030),Proprietary OS,Proprietary OS
TECNO,CAMON I (IN5),Android,Google
VTECH,"V19,V3,VO1,VO2,VO3",SPREADTRUM OS,SPREADTRUM
SAMSUNG,GALAXY CORE PRIME (SM-G360H),Android,Google
SAMSUNG,GALAXY J2 PRIME DUOS (SM-G532G DS),Android,Google
SYMPHONY,V75,Android,Google
HUAWEI,Y6 PRIME 2018 (ATU-L42),Android,Google
WALTON,PRIMO E8 PLUS,Android,Google
SYMPHONY,P6 PRO,Android,Google
HTC,0P9C500,Android,Google
QPHONE,"Q10,Q20,Q30,Q40,Q50",Proprietary OS,Proprietary OS
SAMSUNG,GALAXY J5 DUOS (SM-J500H DS),Android,Google
HUAWEI,ENJOY 5 DUAL SIM TD-LTE (TIT-AL00),Android,Google
HUAWEI,P9 LITE (VNS-L31),Android,Google
SAMSUNG,GALAXY J2 2016 (SM-J210F),Android,Google
NOKIA,"112, 1120",Series40,Symbian
TINMO,F11,Proprietary OS,Proprietary OS
SYMPHONY,P6,Android,Google
SAMSUNG,GALAXY J7 (SM-J701F DS),Android,Google
SAMSUNG,GALAXY O7 (SM-G600FY),Android,Google
SYMPHONY,H120,Android,Google
SAMSUNG,GALAXY J5 DUOS (SM-J500H DD),Android,Google
SAMSUNG,GALAXY GRAND (GT-I9060I DS),Android,Google
SYMPHONY,V110,Android,Google
SAMSUNG,GALAXY STAR PRO DUOS (GT-S7262),Android,Google
SAMSUNG,GALAXY O7 (SM-G600FY),Android,Google
WALTON DIGI-TECH,PRIMO E8S,Android,Google
SAMSUNG,"GALAXY S DUOS (GT-S7562,GT-S7566)",Android,Google
APPLE,IPHONE X (A1865),iOS,Apple
NOKIA,1202,Symbian OS,Symbian
APPLE,IPHONE 6S (A1688),iOS,Apple
ITEL,S11,Android,Google
SAMSUNG,GALAXY CORE PRIME (SM-G360H),Android,Google
SAMSUNG,GALAXY J2 DUOS (SM-J200F DS),Android,Google
KINGSTAR,KS-X10,Android,Google
SAMSUNG,GALAXY GRAND (GT-I9060I DS),Android,Google
SAMSUNG,GALAXY S III MINI VALUE EDITION (GT-I8200N),Android,Google
HUAWEI,Y5II (CUN-L03),Android,Google
SAMSUNG,GALAXY J5 DUOS (SM-J500H DS),Android,Google
SAMSUNG,GALAXY J5 DUOS (SM-J500H DD),Android,Google
SAMSUNG,GALAXY GRAND PRIME DUOS (SM-G532F DS),Android,Google
SAMSUNG,GALAXY J5 DUOS (SM-J500F DS),Android,Google
SAMSUNG,GURU MUSIC II (SM-B310E),Samsung OS,Samsung
SAMSUNG,GALAXY J7 DUOS LTE (SM-J700FDD),Android,Google
SAMSUNG,GALAXY GRAND PRIME VE DUOS (SM-G531HDS),Android,Google
NOKIA,108 DUAL SIM (RM-944),Series30,Symbian
MICROMAX,X088,Proprietary OS,Proprietary OS
SAMSUNG,GALAXY J2 PRIME DUOS (SM-G532G DS),Android,Google
SAMSUNG,GALAXY J7 CORE DUOS (SM-J701F),Android,Google
SYMPHONY,I10,Android,Google
XIAOMI,REDMI 5A (MCG3B),Android,Google
BLU,JANET L,MTK RTOS,Motorola
IMAX,"MX 115, MX 116, MX 117, MX 118, MX 119",Proprietary OS,Proprietary OS
SAMSUNG,GALAXY J2 (SM-J200H),Android,Google
HUAWEI,Y3II (LUA-L03),Android,Google
NOKIA,105 DUAL SIM (RM-1133),Symbian OS,Symbian
SAMSUNG,GALAXY J5 2017 PRO (SM-J530F DS),Android,Google
TECNO,SPARK,Android,Google
SYMPHONY,"B16, T49, ZV, BL55, T8PRO",Android,Google
SYMPHONY,"W60, W15, W125, T7I, T8I",Android,Google
QUECTEL WIRELESS,"M26,M35,M50,M72,GC65",Proprietary OS,Proprietary OS
SYMPHONY,I50,Android,Google
SIERRA WIRELESS,AIR PRIME Q2686,Proprietary OS,Proprietary OS
NOKIA,"1280, 1282",Symbian OS,Symbian
SAMSUNG,GALAXY J1 ACE DUOS (SM-J111F DS),Android,Google
OKAPIA,SLIM JIM,Android,Google
HTC,DESIRE 626D (0PLQ110),Android,Google
XIAOMI,REDMI 5 (MDG1),Android,Google
NOKIA,216 DUAL SIM (RM-1187),Nokia OS,Symbian
NOKIA,1200,Symbian OS,Symbian
SAMSUNG,GURU MUSIC II (SM-B310E),Samsung OS,Samsung
SB TEL,SYMPHONY BL46,Proprietary OS,Proprietary OS
WALTON,"PRIMO G5, HM, E4, F5, H4",Android,Google
WALTON DIGI-TECH,PRIMO F7S,Android,Google
LAVA,IRIS 505,Android,Google
SYMPHONY,"L25, FT42, W130, W69",Proprietary OS,Proprietary OS
SAMSUNG,GALAXY J2 2016 (SM-J210F),Android,Google
MICROMAX,Q351,Android,Google
SAMSUNG,GURU MUSIC II (SM-B310E),Samsung OS,Samsung
SAMSUNG,GALAXY J2 (SM-J200H),Android,Google
WALTON,PRIMO D8I,Android,Google
WALTON,PRIMO NH3I,Android,Google
WINSTAR,"W7000,W8000,W9000,W902,W903",Proprietary OS,Proprietary OS
SAMSUNG,GALAXY J2 DUOS (SM-J200F DS),Android,Google
SAMSUNG,GALAXY CORE PRIME (SM-G360H),Android,Google
SAMSUNG,GALAXY J7 DUOS LTE (SM-J700FDD),Android,Google
ITEL,IT5020,Proprietary OS,Proprietary OS
SYMPHONY,"B16, T49, ZV, BL55, T8PRO",Android,Google
OPPO,A37 (A37FW),Android,Google
WALTON,"PRIMO C1, C2, F2, G2, R2",Android,Google
SAMSUNG,GALAXY J3 DUOS HSPA (SM-J320F DD),Android,Google
SYMPHONY,"D27, W19, L25",Proprietary OS,Proprietary OS
SB TEL,"SYMPHONY B12, D115",Proprietary OS,Proprietary OS
SAMSUNG,GALAXY J7 DUOS LTE (SM-J700FDD),Android,Google
SAMSUNG,GALAXY J3 2016 DUOS (SM-J320F DS),Android,Google
SYMPHONY,"V60, P6, V40, T90, ZVI",Android,Google
MOTOROLA,L800T,RTK,NXP LTD
ITEL,S12,Android,Google
SAMSUNG,GALAXY J2 PRO 2018 (SM-J250F DS),Android,Google
WALTON,"PRIMO RM, WALPAD PRO, X4, ZX2, HM2",Android,Google
XIAOMI,REDMI NOTE 5 (M1803E7SG),Android,Google
LENOVO,"LENOVO A6600,LENOVO A6600 PLUS (A6600D40)",Android,Google
SAMSUNG,GALAXY J1 ACE DUOS (SM-J111F DS),Android,Google
SYMPHONY,I10,Android,Google
LAVA,IRIS 50,Android,Google
SAMSUNG,GALAXY NOTE 4 (USA),Android,Google
ALCATEL,20 08 (2008D),Android,Google
SAMSUNG,GALAXY J7 PRIME (SM-G610F DS),Android,Google
SYMPHONY,V46,Android,Google
APPLE,IPHONE 7 PLUS (A1784),iOS,Apple
NOKIA,E52,Series60,Symbian
SYMPHONY,V46,Android,Google
AG-TEL,A-6,Proprietary OS,Proprietary OS
HUAWEI,Y5II (CUN-L03),Android,Google
WALTON,PRIMO NX4,Android,Google
SAMSUNG,GALAXY J2 (SM-J200H),Android,Google
SAMSUNG,GALAXY CORE II DUOS (SM-G355H),Android,Google
MOTOROLA,"ASANTI,PHOTON,XT897,SPYDER,DROIDRAZR,XT912",Android,Google
APPLE,IPHONE 8 PLUS (A1864),iOS,Apple
SYMPHONY,"L25, FT42, W130, W69",Proprietary OS,Proprietary OS
HUAWEI,Y3II (LUA-U22),Android,Google
HUAWEI,Y3II (LUA-L03),Android,Google
SAMSUNG,SM-J600F DS,Samsung OS,Samsung
SAMSUNG,GALAXY J2 PRIME DUOS (SM-G532G DS),Android,Google
SYMPHONY,V65,Android,Google
LAVA,IRIS 505,Android,Google
LENOVO,VIBE P1M DUAL SIM TD-LTE,Android,Google
SYMPHONY,V46,Android,Google
SAMSUNG,GALAXY J7 DUOS LTE (SM-J710F DS),Android,Google
ITEL,IT1409,Android,Google
WALTON,PRIMO GH7,Android,Google
SAMSUNG,GALAXY ON7 PRO (SM-G615F DS),Android,Google
SAMSUNG,GALAXY J1 (SM-J110HDS),Android,Google
NOKIA,"105, 1050 (RM-908)",Series30,Symbian
SAMSUNG,METRO SM-B350ED,Samsung OS,Samsung
XIAOMI,REDMI 5 PLUS,Android,Google
SAMSUNG,GALAXY CORE PRIME TD-LTE (SM-G360M),Android,Google
SYMPHONY,V47,Android,Google
ONEPLUS,3 (A3000),Android,Google
WALTON,"OLVIO ML4, L16, ML5, MM11, MM12",Proprietary OS,Proprietary OS
OPPO,A37 (A37FW),Android,Google
VIVO,V5 (1601),Android,Google
GREYMARKET,HANDSET,Proprietary OS,Proprietary OS
ITEL,S12,Android,Google
NOKIA,2 DS (TA-1029),Android,Google
SAMSUNG,GALAXY C7 (SM-C701F DS),Android,Google
ITEL,A11,Android,Google
ITEL,IT1513,Android,Google
ZTE,MF65,Proprietary OS,Proprietary OS
ASUS,ZENFONE 3 MAX (ZC520TL),Android,Google
SAMSUNG,GALAXY J2 (SM-J200H),Android,Google
SAMSUNG,GALAXY J2 (SM-J200H),Android,Google
SYMPHONY,I50,Android,Google
LAVA,R1,Android,Google
KINGSTAR,"KS - E300, KS - E400,KS-C1,KS-C2,KS-C3",Proprietary OS,Proprietary OS
SAMSUNG,GALAXY J5 DUOS (SM-J500H DS),Android,Google
SAMSUNG,GALAXY J1(SM-J120G-DS),Android,Google
NOKIA,6 DS (TA-1021),Android,Google
SAMSUNG,GALAXY J1 (SM-J100H DS),Android,Google
SAMSUNG,GALAXY J5 2016 (SM-J510GN DS),Android,Google
SYMPHONY,I10 PLUS,Android,Google
QUECTEL WIRELESS,M35 SERIES,Proprietary OS,Proprietary OS
SAMSUNG,GALAXY STAR PRO DUOS (GT-S7262),Android,Google
SAMSUNG,GALAXY J7 PRIME2 (SM-G611F DS),Android,Google
HTC,DESIRE EYE 4G LTE NA (0PFH110),Android,Google
PEACE,"P60,P70,P80,P90,P100",Proprietary OS,Proprietary OS
SAMSUNG,GALAXY J7 DUOS LTE (SM-J700FDD),Android,Google
SAMSUNG,"GALAXY S DUOS (GT-S7562,GT-S7566)",Android,Google
SAMSUNG,GALAXY J4 2018 (SM-J400F DS),Android,Google
JIN HUI MA,MARS2,Android,Google
SAMSUNG,GURU MUSIC II (SM-B310E),Samsung OS,Samsung
SONY,XPERIA XA (F3112),Android,Google
SYMPHONY,V110,Android,Google
SUNUP,SPN266,Proprietary OS,Proprietary OS
NOKIA,XL (RM-1030),Android,Google
LAVA,IRIS 60,Android,Google
SAMSUNG,GURU MUSIC II (SM-B310E),Samsung OS,Samsung
WALTON,PRIMO GH7,Android,Google
ITEL,S11,Android,Google
SAMSUNG,GALAXY J2 2016 (SM-J210F),Android,Google
OPPO,CPH1729,Android,Google
HUAWEI,Y3 2017 (CRO-L22),Android,Google
WINSTAR,"W666,W777,W888,W999,W1000",Proprietary OS,Proprietary OS
SYMPHONY,"L25, FT42, W130, W69",Proprietary OS,Proprietary OS
SYMPHONY,I10,Android,Google
SAMSUNG,GALAXY J2 2016 (SM-J210F),Android,Google
SAMSUNG,GALAXY GRAND II DUOS (SM-G7102),Android,Google
SYMPHONY,"L25, FT42, W130, W69",Proprietary OS,Proprietary OS
SAMSUNG,GALAXY A5 (SM-A500F),Android,Google
SAMSUNG,GALAXY J7 DUOS (SM-J720F DS),Android,Google
SAMSUNG,GURU MUSIC II (SM-B310E),Samsung OS,Samsung
ERICSSON,BYTWO B101,Symbian OS,Symbian
SAMSUNG,METRO (SM-B313ED),Samsung OS,Samsung
SAMSUNG,GALAXY ACE STYLE (SM-G313HZ),Android,Google
HUAWEI,ASCEND Y511-U30,Android,Google
SONY,XPERIA X (F5122),Android,Google
NOKIA,107 DUAL SIM,Symbian OS,Symbian
OPPO,MIRROR 5 LITE (A33W),Android,Google
QUECTEL WIRELESS,"M26,M35,M50,M72,GC65",Proprietary OS,Proprietary OS
SYMPHONY,R100,Android,Google
SAMSUNG,GALAXY S IV (GT-I9505),Android,Google
XIAOMI,REDMI 5 PLUS (MEG7),Android,Google
SB TEL,"SYMPHONY B12, D115",Proprietary OS,Proprietary OS
NOKIA,130 DS (TA-1017),Proprietary OS,Proprietary OS
SAMSUNG,GALAXY A7 2017 (SM-A720F),Android,Google
ITEL,IT2180,Proprietary OS,Proprietary OS
SYMPHONY,I21,Android,Google
WALTON,"PRIMO EF, NF, R3, RX2, E3",Android,Google
KINGSTAR,"KS-M1,KS-M2,KS-M3,KS-M5,KS-M7",Proprietary OS,Proprietary OS
KINGSTAR,"KS-M1,KS-M2,KS-M3,KS-M5,KS-M7",Proprietary OS,Proprietary OS
MICROMAX,Q354,Android,Google
SAMSUNG,GURU MUSIC II (SM-B310E),Samsung OS,Samsung
SAMSUNG,GALAXY J7 (SM-J730GM DS),Android,Google
OPPO,MIRROR 5 LITE (A33W),Android,Google
SYMPHONY,V100,Android,Google
VSUN,AQUA,Android,Google
SAMSUNG,METRO (SM-B313ED),Samsung OS,Samsung
LAVA,IRIS 505,Android,Google
ALCATEL,PIXI 4 (5045D),Android,Google
SAMSUNG,GURU MUSIC II (SM-B310E),Samsung OS,Samsung
SAMSUNG,GALAXY ON5 2016 (SM-G5700),Android,Google
SAMSUNG,GALAXY J5 2016 (SM-J510GN DS),Android,Google
MAXIMUS,M31,Proprietary OS,Proprietary OS
HUAWEI,MATE 9 LITE (GR5 2017),Android,Google
HUAWEI,ASCEND G700,Android,Google
WALTON,"PRIMO NX2, G6, D6, GH4, E5",Android,Google
NOKIA,"ASHA 206,2060",Series40,Symbian
MICROMAX,P681,Android,Google
WALTON,PRIMO EF6,Android,Google
SAMSUNG,GALAXY J5 DUOS (SM-J500H DS),Android,Google
SAMSUNG,GALAXY J2 DUOS (SM-J200F DS),Android,Google
SAMSUNG,GALAXY A5 DUOS LTE-A (SM-A510FD),Android,Google
SAMSUNG,GALAXY WIN (SHV-E500S),Android,Google
SAMSUNG,GALAXY GRAND PRIME (SM-G530FZ),Android,Google
OPPO,CPH1801,Android,Google
SAMSUNG,GALAXY S III NEO (GT-I9301I),Android,Google
SAMSUNG,GALAXY J7 PRIME2 (SM-G611F DS),Android,Google
SAMSUNG,GALAXY S III NEO (GT-I9301I),Android,Google
MICROMAX,X700,Proprietary OS,Proprietary OS
ERICSSON,BYTWO B201,Symbian OS,Symbian
SAMSUNG,GALAXY J3 2016 DUOS (SM-J320F DS),Android,Google
SAMSUNG,GALAXY S8 PLUS DUOS (SM-G955FD),Android,Google
SAMSUNG,GALAXY J2 PRIME DUOS (SM-G532G DS),Android,Google
SAMSUNG,GALAXY J5 DUOS (SM-J500H DS),Android,Google
SAMSUNG,GALAXY J5 DUOS (SM-J500F DS),Android,Google
SAMSUNG,GALAXY J1 ACE (SM-J106B DL),Android,Google
LG,G3 LTE-A (D855),Android,Google
SYMPHONY,"KT10, T35, FT04, FT32, D31",Proprietary OS,Proprietary OS
HUAWEI,Y9 2018 (FLA-LX2),Android,Google
SAMSUNG,GALAXY GRAND PRIME DUOS (SM-G532F DS),Android,Google
SAMSUNG,GALAXY J2 PRO 2018 (SM-J250F DS),Android,Google
SYMPHONY,"L25, FT42, W130, W69",Proprietary OS,Proprietary OS
XIAOMI,REDMI 4X,Android,Google
WALTON,PRIMO GH6,Android,Google
SYMPHONY,"D26, W128, W71I, W70Q",Proprietary OS,Proprietary OS
HUAWEI,Y3II (LUA-U22),Android,Google
NOKIA,108 DUAL SIM (RM-944),Series30,Symbian
WALTON,PRIMO G7 PLUS,Android,Google
KINGSTAR,"KS-C25,KS-C35,KS-C45,KS-C50,KS-C55",Proprietary OS,Proprietary OS
HUAWEI,Y5II (CUN-L03),Android,Google
HUAWEI,HONOR 8 LITE,Android,Google
SAMSUNG,GALAXY GRAND PRIME DUOS (SM-G530H DS),Android,Google
NOKIA,105 DUAL SIM (RM-1133),Symbian OS,Symbian
SAMSUNG,GALAXY GRAND DUOS (GT-I9082),Android,Google
SAMSUNG,GALAXY GRAND PRIME VE DUOS (SM-G531HDS),Android,Google
XIAOMI,REDMI NOTE 4 (2016102),Android,Google
SAMSUNG,GALAXY J2 (SM-J200H),Android,Google
SYMPHONY,V32,Android,Google
LG,OPTIMUS L3 (E400),Android,Google
SONYERICSSON,XPERIA T2 ULTRA DUAL (XM50H),Android,Google
HOTWAV,VENUS R9,Android,Google
SIERRA WIRELESS,AIR PRIME Q2686,Proprietary OS,Proprietary OS
SYMPHONY,I10 PLUS,Android,Google
MICROMAX,C1,Android,Google
SONYERICSSON,XPERIA Z3 COMPACT LTE-A (D5833),Android,Google
SAMSUNG,GALAXY J1 (SM-J110HDS),Android,Google
SAMSUNG,GALAXY J2 PRIME DUOS (SM-G532G DS),Android,Google
SYMPHONY,V46,Android,Google
LENOVO,TAB 2 A7-30HC,Android,Google
SAMSUNG,GALAXY J2 PRIME DUOS (SM-G532G DS),Android,Google
SAMSUNG,GALAXY GRAND PRIME DUOS (SM-G532F DS),Android,Google
NOKIA,E72-1,Series60,Symbian
SYMPHONY,"L25, FT42, W130, W69",Proprietary OS,Proprietary OS
SYMPHONY,V100,Android,Google
SYMPHONY,"FT01, FT03, FT36, FT37",Proprietary OS,Proprietary OS
SAMSUNG,"GALAXY J8 2018 (SM-J810G,DS)",Android,Google
SYMPHONY,I10,Android,Google
SAMSUNG,GALAXY GRAND PRIME DUOS (SM-G532F DS),Android,Google
OPPO,NEO 7 (A33F),Android,Google
MICROMAX,X328,Proprietary OS,Proprietary OS
SYMPHONY,I10 PLUS,Android,Google
SAMSUNG,GALAXY NOTE 4 LTE-A (SM-N910A),Android,Google
SB TEL,"SYMPHONY B19, E76",Proprietary OS,Proprietary OS
ITEL,P11,Android,Google
ERICSSON,BYTWO M25,Symbian OS,Symbian
NOKIA,"ASHA 206,2060",Series40,Symbian
SAMSUNG,GALAXY GRAND PRIME DUOS (SM-G532F DS),Android,Google
ITEL,S11,Android,Google
GIONEE,"A43,P360,P6,P4S",Android,Google
HUAWEI,Y3II (LUA-U22),Android,Google
HUAWEI,ASCEND Y625-U32,Android,Google
SAMSUNG,GALAXY J7 DUOS LTE (SM-J710GN DS),Android,Google
SYMPHONY,I10,Android,Google
ZTE,MF193,Proprietary OS,Proprietary OS
SYMPHONY,E58,Android,Google
XIAOMI,REDMI NOTE 4X (2016101),Android,Google
SAMSUNG,GALAXY J2 (SM-J200H),Android,Google
MICROMAX,Q354,Android,Google
NOKIA,230 DUAL SIM (RM-1172),Series30,Symbian
NOKIA,1202,Symbian OS,Symbian
SAMSUNG,GALAXY J2 DUOS (SM-J200F DS),Android,Google
SYMPHONY,P6,Android,Google
KINGSTAR,"KS-M1,KS-M2,KS-M3,KS-M5,KS-M7",Proprietary OS,Proprietary OS
SAMSUNG,GALAXY J1 (SM-J110HDS),Android,Google
SAMSUNG,GALAXY J1 (SM-J100H DS),Android,Google
XIAOMI,REDMI 5 (MDG1),Android,Google
NOKIA,"105, 1050 (RM-908)",Series30,Symbian
KINGSTAR,"KS-M1,KS-M2,KS-M3,KS-M5,KS-M7",Proprietary OS,Proprietary OS
QPHONE,"Q10,Q20,Q30,Q40,Q50",Proprietary OS,Proprietary OS
WALTON,PRIMO N3,Android,Google
HUAWEI,Y5II (CUN-L03),Android,Google
WALTON,"PRIMO G5, HM, E4, F5, H4",Android,Google
KINGSTAR,"KS-B20,KS-B21,KS-B23,KS-B24,KS-B25",Proprietary OS,Proprietary OS
ITEL,P32,Android,Google
SAMSUNG,GALAXY J2 PRIME DUOS (SM-G532G DS),Android,Google
ITEL,S11,Android,Google
HTC,DESIRE 526G PLUS DUAL SIM (0PL4100),Android,Google
LAVA,IRIS 505,Android,Google
VIDEOCON,V.STYLE CURVE,SPREADTRUM OS,SPREADTRUM
WALTON,PRIMO NF2,Android,Google
QUECTEL WIRELESS,"M26,M35,M50,M72,GC65",Proprietary OS,Proprietary OS
SYMPHONY,V100,Android,Google
ITEL,S11,Android,Google
SYMPHONY,V110,Android,Google
SB TEL,"BL60, D54I",Proprietary OS,Proprietary OS
SAMSUNG,GURU MUSIC II (SM-B310E),Samsung OS,Samsung
SAMSUNG,GALAXY J1 (SM-J100H),Android,Google
SYMPHONY,V28,Android,Google
SAMSUNG,GALAXY J2 DUOS (SM-J200G DD),Android,Google
SYMPHONY,P7,Android,Google
SAMSUNG,GALAXY J1 (SM-J120H DS),Android,Google
WALTON,PRIMO HM4 PLUS,Android,Google
SAMSUNG,GALAXY J2 (SM-J200H),Android,Google
LG,NEXUS 4 E960,Android,Google
HUAWEI,ASCEND Y600-U20,Android,Google
XIAOMI,MI A1 (MDI2),Android,Google
SAMSUNG,GALAXY J7 PRIME (SM-G610F DS),Android,Google
APPLE,IPHONE 4S (A1387),iOS,Apple
SB TEL,"SYMPHONY B12, D115",Proprietary OS,Proprietary OS
FIVE STAR,"RX-1,RX-2,RX-3,RX-4,RX-5",Proprietary OS,Proprietary OS
SYMPHONY,"W5, W100, B4I, B4",Android,Google
SAMSUNG,METRO (SM-B313ED),Samsung OS,Samsung
ITEL,IT5600,Proprietary OS,Proprietary OS
HUAWEI,Y5 (2017),Android,Google
SYMPHONY,V110,Android,Google
HUAWEI,Y3 (CRO-U00),Android,Google
SAMSUNG,GALAXY J1 ACE DUOS (SM-J111F DS),Android,Google
SAMSUNG,GALAXY STAR PRO DUOS (GT-S7262),Android,Google
LG,F580L GENTLE LTE,Android,Google
SYMPHONY,"V50, H150, V80, B13, M1",Android,Google
SYMPHONY,I50,Android,Google
KINGSTAR,"KS-M1,KS-M2,KS-M3,KS-M5,KS-M7",Proprietary OS,Proprietary OS
OPPO,MIRROR 5 LITE (A33W),Android,Google
SAMSUNG,GALAXY J2 PRIME DUOS (SM-G532G DS),Android,Google
LENOVO,VIBE P1M DUAL SIM TD-LTE,Android,Google
HUAWEI,Y6II (CAM-L21),Android,Google
SYMPHONY,V52,Android,Google
SAMSUNG,GALAXY J2 PRIME DUOS (SM-G532G DS),Android,Google
SAMSUNG,GALAXY CORE II DUOS (SM-G355H),Android,Google
SB TEL,"SYMPHONY B12, D115",Proprietary OS,Proprietary OS
SAMSUNG,GALAXY GRAND PRIME VE DUOS LTE (SM-G531H DD),Android,Google
SAMSUNG,GALAXY GRAND PRIME (SM-G530H),Android,Google
SAMSUNG,GT-I8262 GALAXY DUOS,Android,Google
WINMAX,"BD15,BD25,BD35,BD45",Symbian OS,Symbian
SYMPHONY,V100,Android,Google
NOKIA,"1280, 1282",Symbian OS,Symbian
SAMSUNG,GALAXY S III NEO (GT-I9301I),Android,Google
SAMSUNG,GALAXY J2 (SM-J200H),Android,Google
SAMSUNG,GALAXY J1 MINI PRIME (SM-J106F DS),Android,Google
SAMSUNG,GALAXY J2 (SM-J200H),Android,Google
HUAWEI,Y9 2018 (FLA-LX2),Android,Google
SAMSUNG,GALAXY A5 DUOS LTE-A (SM-A500F DS),Android,Google
LEAGOO,"S553,ELITE 3,ELITE3I,ELITE 3M,ELITE 3S",Android,Google
OCTENN,T3240,Proprietary OS,Proprietary OS
SAMSUNG,GALAXY GRAND PRIME DUOS (SM-G532F DS),Android,Google
SAMSUNG,GALAXY J1 (SM-J110HDD),Android,Google
SAMSUNG,GALAXY TREND II (SM-G318HZDS),Android,Google
SAMSUNG,GALAXY J5 DUOS (SM-J500H DD),Android,Google
OPPO,F1s (A1601),Android,Google
ITEL,S11,Android,Google
OPPO,CPH1729,Android,Google
SAMSUNG,GALAXY J1 (SM-J100F),Android,Google
SYMPHONY,"V50, H150, V80, B13, M1",Android,Google
ITEL,IT5600,Proprietary OS,Proprietary OS
APPLE,IPHONE 7 (A1660),iOS,Apple
INTEX,NANO 2S,Proprietary OS,Proprietary OS
ZTE,MF190,Proprietary OS,Proprietary OS
SYMPHONY,V75,Android,Google
WINMAX,"TIGER X6,TIGER X7,TIGER X8,TIGER X9",Android,Google
WINSTAR,MOBILE PHONE DISCOVERY-6,Android,Google
ASUS,ZENFONE 3 MAX (ZC553KL),Android,Google
HUAWEI,P8 STANDARD EDITION DUAL SIM TD-LTE (GRA-CL00),Android,Google
SAMSUNG,GALAXY J2 PRIME DUOS (SM-G532G DS),Android,Google
WALTON,PRIMO NH2 LITE,Android,Google
SAMSUNG,GALAXY GRAND PRIME DUOS (SM-G532F DS),Android,Google
SYMPHONY,V28,Android,Google
SAMSUNG,GALAXY GRAND (GT-I9060I DS),Android,Google
SAMSUNG,GALAXY GRAND II DUOS (SM-G7102),Android,Google
SAMSUNG,GALAXY CORE PRIME VALUE EDITION LTE (SM-G361F),Android,Google
SAMSUNG,GALAXY GRAND PRIME DUOS (SM-G532F DS),Android,Google
WINSTAR,"W2000,W3000,W4000,W5000,W6000",Proprietary OS,Proprietary OS
SAMSUNG,GALAXY J1 (SM-J110HDD),Android,Google
LAVA,IRIS 605,Android,Google
SYMPHONY,V32,Android,Google
OPPO,F1s (A1601),Android,Google
SAMSUNG,GALAXY S DUOS II (GT-S7582),Android,Google
SAMSUNG,GURU MUSIC II (SM-B310E),Samsung OS,Samsung
STRAWBERRY,"DAISY, SUGAR, SB211, SAVOR,SCENT",Proprietary OS,Proprietary OS
NOKIA,E72-1,Series60,Symbian
WALTON DIGI-TECH,PRIMO GF7,Android,Google
SAMSUNG,GALAXY GRAND PRIME VE DUOS (SM-G531HDS),Android,Google
NOKIA,6300,Symbian OS,Symbian
ITEL,P11,Android,Google
HUAWEI,Y5 PRIME 2018 (DRA-LX2),Android,Google
LENOVO,LENOVO A5600,Android,Google
SAMSUNG,GALAXY J2 2016 (SM-J210F),Android,Google
SYMPHONY,V32,Android,Google
XIAOMI,REDMI NOTE 5A (MDG6),Android,Google
ZTE,MF193,Proprietary OS,Proprietary OS
OPPO,A37 (A37FW),Android,Google
SAMSUNG,GALAXY J1 (SM-J100H DS),Android,Google
SYMPHONY,"D52I, D27, W21",Proprietary OS,Proprietary OS
FIVE STAR,"A101,A102,A103,A104,A105",Proprietary OS,Proprietary OS
SAMSUNG,GALAXY J7 DUOS LTE (SM-J700FDD),Android,Google
OPPO,A1603,Android,Google
SAMSUNG,GALAXY J1 ACE DUOS (SM-J111F DS),Android,Google
XIAOMI,REDMI 5 PLUS,Android,Google
SAMSUNG,GALAXY J7 PRIME (SM-G610F DS),Android,Google
ASUS,ZENFONE 2 LASER DUAL SIM LTE (ZE500KL),Android,Google
LENOVO,IDEATAB A1000,Android,Google
SAMSUNG,GALAXY GRAND (GT-I9060I DS),Android,Google
WALTON,PRIMO E8,Android,Google
SYMPHONY,"W15I, W31, D32I",Android,Google
SAMSUNG,GALAXY GRAND PRIME DUOS (SM-G532F DS),Android,Google
HUAWEI,Y3II (LUA-L03),Android,Google
SYMPHONY,H300,Android,Google
SYMPHONY,V52,Android,Google
SAMSUNG,GALAXY J7 DUOS LTE (SM-J710F DS),Android,Google
NOKIA,7610,Series60,Symbian
SAMSUNG,GALAXY NOTE III NEO (SM-N750),Android,Google
WALTON,"OLVIO ML4, L16, ML5, MM11, MM12",Proprietary OS,Proprietary OS
HTC,DESIRE DUAL SIM (728G),Android,Google
NOKIA,"112, 1120",Series40,Symbian
KINGSTAR,"KS-M1,KS-M2,KS-M3,KS-M5,KS-M7",Proprietary OS,Proprietary OS
WINMAX,"WX14,WX15,WX16,WX17",Proprietary OS,Proprietary OS
OPPO,JOY 3 (A11W),Android,Google
SYMPHONY,E58,Android,Google
SYMPHONY,ROAR E79,Android,Google
SAMSUNG,GALAXY S DUOS II (GT-S7582),Android,Google
KINGSTAR,"KS-M1,KS-M2,KS-M3,KS-M5,KS-M7",Proprietary OS,Proprietary OS
SAMSUNG,GALAXY J7 (SM-J701F DS),Android,Google
ITEL,S11 PLUS,Android,Google
SYMPHONY,V32,Android,Google
LAVA,IRIS 50,Android,Google
SAMSUNG,GALAXY S DUOS II (GT-S7582),Android,Google
SAMSUNG,GALAXY GRAND PRIME DUOS (SM-G532F DS),Android,Google
HUAWEI,Y3II (LUA-L03),Android,Google
HUAWEI,Y9 2018 (FLA-LX2),Android,Google
SAMSUNG,GURU MUSIC II (SM-B310E),Samsung OS,Samsung
LAVA,IRIS 505,Android,Google
WESTERN,"D15,D16,D17,D18",Symbian OS,Symbian
APPLE,IPHONE 4S (A1387),iOS,Apple
SAMSUNG,GALAXY ON5 (SM-G5500),Android,Google
HUAWEI,Y5 2017 (MYA-L22),Android,Google
SAMSUNG,GALAXY J2 (SM-J200H),Android,Google
SYMPHONY,"L25, FT42, W130, W69",Proprietary OS,Proprietary OS
KINGSTAR,"KS-M1,KS-M2,KS-M3,KS-M5,KS-M7",Proprietary OS,Proprietary OS
SAMSUNG,GALAXY J1 ACE (SM-J106H DS),Android,Google
SYMPHONY,V110,Android,Google
OPPO,A37 (A37F),Android,Google
LAVA,IRIS 50,Android,Google
SAMSUNG,GALAXY J7 (SM-J701F DS),Android,Google
SAMSUNG,GALAXY J3 2016 (SM-J320A),Android,Google
ITEL,IT5020,Proprietary OS,Proprietary OS
SAMSUNG,GALAXY CORE PLUS (SM-G350),Android,Google
SAMSUNG,METRO (SM-B313ED),Samsung OS,Samsung
XIAOMI,REDMI 5 (MDG1),Android,Google
SAMSUNG,GURU MUSIC II (SM-B310E),Samsung OS,Samsung
SAMSUNG,GALAXY J2 DUOS (SM-J200F DS),Android,Google
NOKIA,X1-01 (RM-713),Symbian OS,Symbian
SAMSUNG,GALAXY GRAND DUOS (GT-I9082),Android,Google
SYMPHONY,P7,Android,Google
OPPO,CPH 1717,Android,Google
XIAOMI,REDMI NOTE 5A (MDG6),Android,Google
NOKIA,105 DS (TA-1034),Symbian OS,Symbian
SAMSUNG,GALAXY TAB 3 V,Android,Google
NOKIA,107 DUAL SIM,Symbian OS,Symbian
APPLE,IPHONE 5S (A1533),iOS,Apple
SIEMENS,A31,Siemens OS,Siemens
HUAWEI,Y3II (LUA-L03),Android,Google
HUAWEI,Y3 DUAL SIM Y360-U61,Android,Google
XIAOMI,REDMI 5 (MDG1),Android,Google
SB TEL,"SYMPHONY B12, D115",Proprietary OS,Proprietary OS
SAMSUNG,GALAXY GRAND NEO PLUS (GT-I9060I),Android,Google
SYMPHONY,H400,Android,Google
RIYA,"ORANGE PHONE S1, S3, S5, S7, S9",Proprietary OS,Proprietary OS
WALTON,"PRIMO RM, WALPAD PRO, X4, ZX2, HM2",Android,Google
SAMSUNG,GALAXY S7 LTE-A (SM-G930F),Android,Google
SAMSUNG,GALAXY J5 DUOS (SM-J500H DD),Android,Google
APPLE,IPHONE X (A1901),iOS,Apple
NOKIA,103,Symbian OS,Symbian
HUAWEI,MATE 9 LITE (GR5 2017),Android,Google
KECHAODA,"K76, K13, K15,K16",Proprietary OS,Proprietary OS
XIAOMI,REDMI 4A (2016111),Android,Google
ITEL,IT1409,Android,Google
SAMSUNG,GALAXY GRAND PRIME VE DUOS LTE (SM-G531H DD),Android,Google
SAMSUNG,GALAXY A5 DUOS LTE-A (SM-A510FD),Android,Google
SAMSUNG,GALAXY POCKET PLUS (GT-S5301),Android,Google
NOKIA,"1280, 1282",Symbian OS,Symbian
SAMSUNG,GALAXY GRAND PRIME DUOS (SM-G530H DS),Android,Google
OPPO,MIRROR 5 LITE (A33W),Android,Google
SB TEL,"SYMPHONY B12, D115",Proprietary OS,Proprietary OS
NOKIA,108 DUAL SIM (RM-944),Series30,Symbian
SAMSUNG,GALAXY J7 DUOS LTE (SM-J710FN DD),Android,Google
NOKIA,105 DUAL SIM (RM-1133),Symbian OS,Symbian
SAMSUNG,GALAXY J2 PRIME DUOS (SM-G532G DS),Android,Google
HUAWEI,FRD-AL10,Android,Google
SYMPHONY,"L22, T49, D26, W70Q, V30",Proprietary OS,Proprietary OS
APPLE,IPHONE 7 PLUS (A1784),iOS,Apple
APPLE,IPHONE 6 LTE-A  (A1549),iOS,Apple
SAMSUNG,GALAXY J5 DUOS (SM-J500F DS),Android,Google
